,#x
1,0.007895359
2,2.68E-08
3,8.63E-09
4,5.27E-09
5,6.00E-09
6,9.01E-09
7,1.36E-08
8,1.89E-08
9,2.37E-08
10,2.75E-08
11,3.00E-08
12,3.02E-08
13,2.75E-08
14,2.24E-08
15,1.69E-08
16,1.22E-08
17,8.68E-09
18,6.31E-09
19,4.76E-09
20,3.78E-09
21,3.17E-09
22,2.78E-09
23,2.51E-09
24,2.31E-09
25,2.15E-09
26,2.00E-09
27,1.87E-09
28,1.76E-09
29,1.67E-09
30,1.64E-09
31,1.70E-09
32,1.85E-09
33,2.12E-09
34,2.51E-09
35,2.99E-09
36,3.50E-09
37,3.93E-09
38,4.13E-09
39,4.03E-09
40,3.60E-09
41,2.95E-09
42,2.23E-09
43,1.56E-09
44,1.02E-09
45,6.39E-10
46,3.91E-10
47,2.42E-10
48,1.56E-10
49,1.05E-10
50,7.26E-11
51,5.18E-11
52,3.87E-11
53,3.08E-11
54,2.60E-11
55,2.30E-11
56,2.23E-08
57,9.59E-09
58,4.78E-09
59,3.99E-09
60,5.56E-09
61,9.01E-09
62,1.40E-08
63,1.98E-08
64,2.54E-08
65,3.02E-08
66,3.35E-08
67,3.43E-08
68,3.11E-08
69,2.51E-08
70,1.86E-08
71,1.32E-08
72,9.29E-09
73,6.68E-09
74,5.01E-09
75,3.95E-09
76,3.29E-09
77,2.88E-09
78,2.59E-09
79,2.38E-09
80,2.21E-09
81,2.06E-09
82,1.91E-09
83,1.79E-09
84,1.70E-09
85,1.67E-09
86,1.73E-09
87,1.89E-09
88,2.18E-09
89,2.59E-09
90,3.11E-09
91,3.66E-09
92,4.12E-09
93,4.35E-09
94,4.25E-09
95,3.80E-09
96,3.11E-09
97,2.34E-09
98,1.63E-09
99,1.07E-09
100,6.63E-10
101,4.03E-10
102,2.48E-10
103,1.58E-10
104,1.06E-10
105,7.29E-11
106,5.19E-11
107,3.87E-11
108,3.08E-11
109,2.61E-11
110,2.30E-11
111,7.06E-09
112,4.14E-09
113,2.78E-09
114,3.21E-09
115,5.31E-09
116,9.13E-09
117,1.46E-08
118,2.10E-08
119,2.77E-08
120,3.38E-08
121,3.86E-08
122,4.00E-08
123,3.64E-08
124,2.88E-08
125,2.08E-08
126,1.45E-08
127,1.01E-08
128,7.15E-09
129,5.31E-09
130,4.17E-09
131,3.45E-09
132,3.00E-09
133,2.70E-09
134,2.48E-09
135,2.29E-09
136,2.12E-09
137,1.97E-09
138,1.84E-09
139,1.74E-09
140,1.71E-09
141,1.77E-09
142,1.94E-09
143,2.25E-09
144,2.70E-09
145,3.27E-09
146,3.87E-09
147,4.38E-09
148,4.65E-09
149,4.54E-09
150,4.06E-09
151,3.31E-09
152,2.49E-09
153,1.73E-09
154,1.12E-09
155,6.94E-10
156,4.19E-10
157,2.55E-10
158,1.61E-10
159,1.07E-10
160,7.33E-11
161,5.20E-11
162,3.88E-11
163,3.09E-11
164,2.61E-11
165,2.30E-11
166,2.77E-09
167,1.92E-09
168,1.78E-09
169,2.81E-09
170,5.25E-09
171,9.39E-09
172,1.53E-08
173,2.27E-08
174,3.07E-08
175,3.88E-08
176,4.58E-08
177,4.86E-08
178,4.40E-08
179,3.40E-08
180,2.38E-08
181,1.62E-08
182,1.10E-08
183,7.74E-09
184,5.69E-09
185,4.43E-09
186,3.66E-09
187,3.17E-09
188,2.84E-09
189,2.60E-09
190,2.39E-09
191,2.21E-09
192,2.04E-09
193,1.90E-09
194,1.80E-09
195,1.76E-09
196,1.83E-09
197,2.02E-09
198,2.35E-09
199,2.85E-09
200,3.47E-09
201,4.15E-09
202,4.73E-09
203,5.04E-09
204,4.93E-09
205,4.41E-09
206,3.59E-09
207,2.68E-09
208,1.85E-09
209,1.20E-09
210,7.35E-10
211,4.39E-10
212,2.64E-10
213,1.65E-10
214,1.08E-10
215,7.38E-11
216,5.22E-11
217,3.89E-11
218,3.09E-11
219,2.61E-11
220,2.30E-11
221,1.13E-09
222,9.58E-10
223,1.32E-09
224,2.64E-09
225,5.32E-09
226,9.79E-09
227,1.63E-08
228,2.48E-08
229,3.48E-08
230,4.58E-08
231,5.65E-08
232,6.16E-08
233,5.52E-08
234,4.12E-08
235,2.77E-08
236,1.82E-08
237,1.22E-08
238,8.43E-09
239,6.15E-09
240,4.77E-09
241,3.92E-09
242,3.39E-09
243,3.03E-09
244,2.76E-09
245,2.53E-09
246,2.33E-09
247,2.15E-09
248,1.99E-09
249,1.87E-09
250,1.83E-09
251,1.90E-09
252,2.11E-09
253,2.49E-09
254,3.04E-09
255,3.75E-09
256,4.52E-09
257,5.20E-09
258,5.57E-09
259,5.47E-09
260,4.88E-09
261,3.96E-09
262,2.94E-09
263,2.02E-09
264,1.30E-09
265,7.88E-10
266,4.66E-10
267,2.76E-10
268,1.70E-10
269,1.10E-10
270,7.44E-11
271,5.25E-11
272,3.90E-11
273,3.10E-11
274,2.62E-11
275,2.30E-11
276,4.64E-10
277,5.50E-10
278,1.13E-09
279,2.62E-09
280,5.50E-09
281,1.03E-08
282,1.76E-08
283,2.76E-08
284,4.02E-08
285,5.56E-08
286,7.24E-08
287,8.17E-08
288,7.21E-08
289,5.09E-08
290,3.26E-08
291,2.07E-08
292,1.35E-08
293,9.25E-09
294,6.71E-09
295,5.18E-09
296,4.26E-09
297,3.67E-09
298,3.28E-09
299,2.98E-09
300,2.73E-09
301,2.50E-09
302,2.29E-09
303,2.10E-09
304,1.98E-09
305,1.93E-09
306,2.01E-09
307,2.24E-09
308,2.67E-09
309,3.30E-09
310,4.12E-09
311,5.03E-09
312,5.84E-09
313,6.31E-09
314,6.20E-09
315,5.52E-09
316,4.45E-09
317,3.28E-09
318,2.24E-09
319,1.42E-09
320,8.58E-10
321,5.01E-10
322,2.92E-10
323,1.77E-10
324,1.12E-10
325,7.53E-11
326,5.28E-11
327,3.92E-11
328,3.11E-11
329,2.62E-11
330,2.31E-11
331,2.00E-10
332,3.89E-10
333,1.08E-09
334,2.69E-09
335,5.76E-09
336,1.10E-08
337,1.92E-08
338,3.11E-08
339,4.74E-08
340,6.95E-08
341,9.67E-08
342,1.14E-07
343,9.73E-08
344,6.37E-08
345,3.83E-08
346,2.34E-08
347,1.50E-08
348,1.02E-08
349,7.37E-09
350,5.70E-09
351,4.69E-09
352,4.06E-09
353,3.62E-09
354,3.29E-09
355,3.00E-09
356,2.73E-09
357,2.48E-09
358,2.27E-09
359,2.12E-09
360,2.07E-09
361,2.15E-09
362,2.42E-09
363,2.91E-09
364,3.65E-09
365,4.62E-09
366,5.72E-09
367,6.73E-09
368,7.32E-09
369,7.22E-09
370,6.40E-09
371,5.12E-09
372,3.74E-09
373,2.53E-09
374,1.59E-09
375,9.50E-10
376,5.46E-10
377,3.13E-10
378,1.85E-10
379,1.16E-10
380,7.67E-11
381,5.34E-11
382,3.94E-11
383,3.12E-11
384,2.63E-11
385,2.31E-11
386,1.02E-10
387,3.36E-10
388,1.08E-09
389,2.80E-09
390,6.11E-09
391,1.19E-08
392,2.14E-08
393,3.59E-08
394,5.74E-08
395,8.96E-08
396,1.35E-07
397,1.67E-07
398,1.34E-07
399,7.93E-08
400,4.46E-08
401,2.64E-08
402,1.66E-08
403,1.13E-08
404,8.17E-09
405,6.35E-09
406,5.26E-09
407,4.57E-09
408,4.09E-09
409,3.71E-09
410,3.37E-09
411,3.06E-09
412,2.76E-09
413,2.51E-09
414,2.33E-09
415,2.26E-09
416,2.35E-09
417,2.66E-09
418,3.23E-09
419,4.11E-09
420,5.29E-09
421,6.66E-09
422,7.94E-09
423,8.73E-09
424,8.63E-09
425,7.61E-09
426,6.03E-09
427,4.35E-09
428,2.90E-09
429,1.81E-09
430,1.07E-09
431,6.07E-10
432,3.42E-10
433,1.99E-10
434,1.22E-10
435,7.92E-11
436,5.45E-11
437,3.99E-11
438,3.14E-11
439,2.64E-11
440,2.32E-11
441,6.91E-11
442,3.27E-10
443,1.13E-09
444,2.96E-09
445,6.55E-09
446,1.30E-08
447,2.41E-08
448,4.23E-08
449,7.16E-08
450,1.20E-07
451,1.99E-07
452,2.57E-07
453,1.85E-07
454,9.64E-08
455,5.10E-08
456,2.94E-08
457,1.84E-08
458,1.25E-08
459,9.16E-09
460,7.21E-09
461,6.04E-09
462,5.28E-09
463,4.74E-09
464,4.31E-09
465,3.91E-09
466,3.52E-09
467,3.17E-09
468,2.86E-09
469,2.63E-09
470,2.54E-09
471,2.64E-09
472,3.00E-09
473,3.67E-09
474,4.73E-09
475,6.18E-09
476,7.92E-09
477,9.61E-09
478,1.07E-08
479,1.06E-08
480,9.28E-09
481,7.25E-09
482,5.16E-09
483,3.40E-09
484,2.10E-09
485,1.23E-09
486,6.91E-10
487,3.85E-10
488,2.19E-10
489,1.32E-10
490,8.40E-11
491,5.67E-11
492,4.09E-11
493,3.18E-11
494,2.65E-11
495,2.32E-11
496,6.00E-11
497,3.35E-10
498,1.18E-09
499,3.15E-09
500,7.08E-09
501,1.44E-08
502,2.78E-08
503,5.15E-08
504,9.34E-08
505,1.71E-07
506,3.16E-07
507,4.14E-07
508,2.46E-07
509,1.13E-07
510,5.72E-08
511,3.26E-08
512,2.05E-08
513,1.41E-08
514,1.05E-08
515,8.38E-09
516,7.11E-09
517,6.28E-09
518,5.67E-09
519,5.15E-09
520,4.66E-09
521,4.19E-09
522,3.75E-09
523,3.37E-09
524,3.08E-09
525,2.96E-09
526,3.06E-09
527,3.47E-09
528,4.27E-09
529,5.55E-09
530,7.37E-09
531,9.62E-09
532,1.19E-08
533,1.34E-08
534,1.33E-08
535,1.16E-08
536,8.88E-09
537,6.21E-09
538,4.03E-09
539,2.47E-09
540,1.44E-09
541,8.09E-10
542,4.49E-10
543,2.54E-10
544,1.50E-10
545,9.35E-11
546,6.12E-11
547,4.28E-11
548,3.25E-11
549,2.68E-11
550,2.33E-11
551,5.93E-11
552,3.51E-10
553,1.26E-09
554,3.37E-09
555,7.71E-09
556,1.62E-08
557,3.26E-08
558,6.48E-08
559,1.29E-07
560,2.69E-07
561,5.73E-07
562,6.90E-07
563,3.09E-07
564,1.29E-07
565,6.37E-08
566,3.64E-08
567,2.32E-08
568,1.63E-08
569,1.23E-08
570,1.01E-08
571,8.65E-09
572,7.70E-09
573,6.98E-09
574,6.35E-09
575,5.75E-09
576,5.16E-09
577,4.61E-09
578,4.12E-09
579,3.76E-09
580,3.59E-09
581,3.69E-09
582,4.15E-09
583,5.10E-09
584,6.66E-09
585,8.95E-09
586,1.19E-08
587,1.51E-08
588,1.73E-08
589,1.72E-08
590,1.47E-08
591,1.11E-08
592,7.58E-09
593,4.86E-09
594,2.96E-09
595,1.73E-09
596,9.83E-10
597,5.52E-10
598,3.14E-10
599,1.84E-10
600,1.11E-10
601,6.98E-11
602,4.65E-11
603,3.38E-11
604,2.72E-11
605,2.34E-11
606,6.16E-11
607,3.71E-10
608,1.34E-09
609,3.62E-09
610,8.42E-09
611,1.82E-08
612,3.88E-08
613,8.48E-08
614,1.96E-07
615,5.04E-07
616,1.38E-06
617,1.15E-06
618,3.66E-07
619,1.45E-07
620,7.22E-08
621,4.19E-08
622,2.73E-08
623,1.95E-08
624,1.52E-08
625,1.26E-08
626,1.09E-08
627,9.80E-09
628,8.91E-09
629,8.11E-09
630,7.34E-09
631,6.59E-09
632,5.87E-09
633,5.25E-09
634,4.77E-09
635,4.53E-09
636,4.61E-09
637,5.14E-09
638,6.25E-09
639,8.16E-09
640,1.11E-08
641,1.50E-08
642,1.95E-08
643,2.28E-08
644,2.27E-08
645,1.91E-08
646,1.40E-08
647,9.38E-09
648,5.95E-09
649,3.63E-09
650,2.15E-09
651,1.24E-09
652,7.16E-10
653,4.14E-10
654,2.42E-10
655,1.42E-10
656,8.49E-11
657,5.28E-11
658,3.61E-11
659,2.78E-11
660,2.36E-11
661,6.49E-11
662,3.93E-10
663,1.42E-09
664,3.88E-09
665,9.18E-09
666,2.05E-08
667,4.65E-08
668,1.15E-07
669,3.37E-07
670,1.42E-06
671,7.96E-06
672,1.63E-06
673,4.17E-07
674,1.68E-07
675,8.59E-08
676,5.10E-08
677,3.40E-08
678,2.48E-08
679,1.96E-08
680,1.64E-08
681,1.44E-08
682,1.30E-08
683,1.18E-08
684,1.07E-08
685,9.70E-09
686,8.71E-09
687,7.77E-09
688,6.94E-09
689,6.31E-09
690,5.96E-09
691,6.00E-09
692,6.58E-09
693,7.90E-09
694,1.02E-08
695,1.40E-08
696,1.93E-08
697,2.57E-08
698,3.08E-08
699,3.08E-08
700,2.53E-08
701,1.80E-08
702,1.18E-08
703,7.42E-09
704,4.55E-09
705,2.74E-09
706,1.64E-09
707,9.70E-10
708,5.72E-10
709,3.34E-10
710,1.92E-10
711,1.09E-10
712,6.27E-11
713,3.95E-11
714,2.88E-11
715,2.38E-11
716,6.86E-11
717,4.16E-10
718,1.50E-09
719,4.14E-09
720,9.93E-09
721,2.29E-08
722,5.51E-08
723,1.56E-07
724,6.67E-07
725,0.015560684
726,0.01527515
727,1.45E-06
728,4.58E-07
729,2.06E-07
730,1.11E-07
731,6.75E-08
732,4.58E-08
733,3.40E-08
734,2.71E-08
735,2.28E-08
736,1.99E-08
737,1.79E-08
738,1.62E-08
739,1.47E-08
740,1.33E-08
741,1.19E-08
742,1.07E-08
743,9.54E-09
744,8.66E-09
745,8.13E-09
746,8.10E-09
747,8.73E-09
748,1.03E-08
749,1.32E-08
750,1.80E-08
751,2.53E-08
752,3.49E-08
753,4.31E-08
754,4.33E-08
755,3.46E-08
756,2.37E-08
757,1.51E-08
758,9.45E-09
759,5.85E-09
760,3.60E-09
761,2.21E-09
762,1.34E-09
763,8.04E-10
764,4.69E-10
765,2.63E-10
766,1.42E-10
767,7.65E-11
768,4.42E-11
769,3.00E-11
770,2.42E-11
771,7.25E-11
772,4.37E-10
773,1.58E-09
774,4.36E-09
775,1.06E-08
776,2.49E-08
777,6.30E-08
778,1.99E-07
779,1.16E-06
780,3.48E-05
781,2.13E-06
782,8.25E-07
783,4.62E-07
784,2.69E-07
785,1.60E-07
786,1.01E-07
787,6.91E-08
788,5.11E-08
789,4.04E-08
790,3.37E-08
791,2.92E-08
792,2.59E-08
793,2.33E-08
794,2.11E-08
795,1.90E-08
796,1.70E-08
797,1.52E-08
798,1.36E-08
799,1.23E-08
800,1.15E-08
801,1.13E-08
802,1.20E-08
803,1.38E-08
804,1.75E-08
805,2.38E-08
806,3.41E-08
807,4.89E-08
808,6.32E-08
809,6.38E-08
810,4.89E-08
811,3.19E-08
812,1.99E-08
813,1.23E-08
814,7.68E-09
815,4.81E-09
816,3.01E-09
817,1.86E-09
818,1.12E-09
819,6.48E-10
820,3.56E-10
821,1.85E-10
822,9.38E-11
823,5.00E-11
824,3.16E-11
825,2.45E-11
826,7.62E-11
827,4.56E-10
828,1.64E-09
829,4.54E-09
830,1.10E-08
831,2.62E-08
832,6.72E-08
833,2.12E-07
834,8.26E-07
835,1.05E-06
836,5.73E-07
837,4.27E-07
838,3.92E-07
839,3.52E-07
840,2.67E-07
841,1.81E-07
842,1.23E-07
843,8.81E-08
844,6.73E-08
845,5.44E-08
846,4.59E-08
847,4.00E-08
848,3.55E-08
849,3.18E-08
850,2.86E-08
851,2.55E-08
852,2.27E-08
853,2.01E-08
854,1.81E-08
855,1.68E-08
856,1.63E-08
857,1.69E-08
858,1.92E-08
859,2.39E-08
860,3.24E-08
861,4.75E-08
862,7.17E-08
863,9.88E-08
864,1.01E-07
865,7.27E-08
866,4.46E-08
867,2.67E-08
868,1.63E-08
869,1.02E-08
870,6.46E-09
871,4.08E-09
872,2.53E-09
873,1.51E-09
874,8.65E-10
875,4.65E-10
876,2.34E-10
877,1.13E-10
878,5.65E-11
879,3.34E-11
880,2.50E-11
881,7.92E-11
882,4.70E-10
883,1.68E-09
884,4.63E-09
885,1.12E-08
886,2.64E-08
887,6.56E-08
888,1.77E-07
889,3.70E-07
890,3.35E-07
891,2.48E-07
892,2.30E-07
893,2.72E-07
894,3.77E-07
895,4.92E-07
896,4.44E-07
897,2.97E-07
898,1.91E-07
899,1.32E-07
900,9.91E-08
901,7.96E-08
902,6.72E-08
903,5.85E-08
904,5.18E-08
905,4.60E-08
906,4.07E-08
907,3.57E-08
908,3.14E-08
909,2.79E-08
910,2.54E-08
911,2.43E-08
912,2.48E-08
913,2.75E-08
914,3.37E-08
915,4.58E-08
916,6.89E-08
917,1.12E-07
918,1.71E-07
919,1.78E-07
920,1.16E-07
921,6.46E-08
922,3.68E-08
923,2.20E-08
924,1.37E-08
925,8.61E-09
926,5.40E-09
927,3.32E-09
928,1.96E-09
929,1.10E-09
930,5.79E-10
931,2.84E-10
932,1.32E-10
933,6.28E-11
934,3.52E-11
935,2.55E-11
936,8.13E-11
937,4.78E-10
938,1.70E-09
939,4.63E-09
940,1.11E-08
941,2.53E-08
942,5.84E-08
943,1.26E-07
944,1.81E-07
945,1.58E-07
946,1.31E-07
947,1.31E-07
948,1.67E-07
949,2.72E-07
950,5.95E-07
951,1.66E-06
952,1.75E-06
953,7.03E-07
954,3.49E-07
955,2.19E-07
956,1.59E-07
957,1.28E-07
958,1.08E-07
959,9.43E-08
960,8.25E-08
961,7.15E-08
962,6.14E-08
963,5.25E-08
964,4.54E-08
965,4.04E-08
966,3.77E-08
967,3.77E-08
968,4.10E-08
969,4.96E-08
970,6.75E-08
971,1.05E-07
972,1.89E-07
973,3.51E-07
974,3.82E-07
975,2.02E-07
976,9.72E-08
977,5.16E-08
978,2.98E-08
979,1.81E-08
980,1.12E-08
981,6.91E-09
982,4.17E-09
983,2.42E-09
984,1.33E-09
985,6.84E-10
986,3.27E-10
987,1.48E-10
988,6.82E-11
989,3.69E-11
990,2.61E-11
991,8.21E-11
992,4.78E-10
993,1.68E-09
994,4.53E-09
995,1.06E-08
996,2.32E-08
997,4.84E-08
998,8.53E-08
999,1.01E-07
1000,8.81E-08
1001,7.69E-08
1002,7.88E-08
1003,9.88E-08
1004,1.54E-07
1005,3.10E-07
1006,9.92E-07
1007,0.095904995
1008,0.073580434
1009,1.50E-06
1010,6.13E-07
1011,3.84E-07
1012,2.91E-07
1013,2.43E-07
1014,2.10E-07
1015,1.80E-07
1016,1.50E-07
1017,1.22E-07
1018,9.84E-08
1019,8.07E-08
1020,6.87E-08
1021,6.18E-08
1022,6.00E-08
1023,6.39E-08
1024,7.62E-08
1025,1.04E-07
1026,1.69E-07
1027,3.52E-07
1028,1.01E-06
1029,1.25E-06
1030,3.86E-07
1031,1.48E-07
1032,7.18E-08
1033,3.95E-08
1034,2.32E-08
1035,1.40E-08
1036,8.41E-09
1037,4.96E-09
1038,2.82E-09
1039,1.52E-09
1040,7.66E-10
1041,3.60E-10
1042,1.60E-10
1043,7.24E-11
1044,3.85E-11
1045,2.68E-11
1046,8.12E-11
1047,4.69E-10
1048,1.63E-09
1049,4.32E-09
1050,9.82E-09
1051,2.04E-08
1052,3.82E-08
1053,5.75E-08
1054,6.18E-08
1055,5.41E-08
1056,4.82E-08
1057,4.93E-08
1058,5.96E-08
1059,8.43E-08
1060,1.38E-07
1061,2.55E-07
1062,5.14E-07
1063,9.12E-07
1064,1.04E-06
1065,8.69E-07
1066,7.37E-07
1067,6.94E-07
1068,7.03E-07
1069,7.01E-07
1070,6.18E-07
1071,4.67E-07
1072,3.25E-07
1073,2.26E-07
1074,1.65E-07
1075,1.29E-07
1076,1.09E-07
1077,1.01E-07
1078,1.05E-07
1079,1.23E-07
1080,1.68E-07
1081,2.84E-07
1082,7.13E-07
1083,1.11E-05
1084,0.014507418
1085,7.08E-07
1086,2.11E-07
1087,9.43E-08
1088,4.95E-08
1089,2.81E-08
1090,1.64E-08
1091,9.65E-09
1092,5.57E-09
1093,3.11E-09
1094,1.64E-09
1095,8.15E-10
1096,3.78E-10
1097,1.67E-10
1098,7.57E-11
1099,4.03E-11
1100,2.77E-11
1101,7.86E-11
1102,4.50E-10
1103,1.54E-09
1104,4.01E-09
1105,8.82E-09
1106,1.73E-08
1107,2.93E-08
1108,3.94E-08
1109,4.01E-08
1110,3.52E-08
1111,3.16E-08
1112,3.19E-08
1113,3.70E-08
1114,4.83E-08
1115,6.83E-08
1116,1.00E-07
1117,1.46E-07
1118,2.00E-07
1119,2.56E-07
1120,3.17E-07
1121,4.04E-07
1122,5.76E-07
1123,1.01E-06
1124,2.74E-06
1125,0.248842434
1126,0.000249493
1127,2.31E-06
1128,7.90E-07
1129,4.16E-07
1130,2.73E-07
1131,2.09E-07
1132,1.83E-07
1133,1.82E-07
1134,2.08E-07
1135,2.80E-07
1136,4.79E-07
1137,1.32E-06
1138,0.007247189
1139,0.016361521
1140,8.33E-07
1141,2.50E-07
1142,1.10E-07
1143,5.67E-08
1144,3.14E-08
1145,1.80E-08
1146,1.04E-08
1147,5.90E-09
1148,3.24E-09
1149,1.69E-09
1150,8.31E-10
1151,3.83E-10
1152,1.71E-10
1153,7.93E-11
1154,4.31E-11
1155,2.92E-11
1156,7.40E-11
1157,4.20E-10
1158,1.42E-09
1159,3.61E-09
1160,7.67E-09
1161,1.41E-08
1162,2.21E-08
1163,2.74E-08
1164,2.70E-08
1165,2.37E-08
1166,2.12E-08
1167,2.10E-08
1168,2.35E-08
1169,2.90E-08
1170,3.77E-08
1171,4.97E-08
1172,6.46E-08
1173,8.18E-08
1174,1.02E-07
1175,1.27E-07
1176,1.64E-07
1177,2.28E-07
1178,3.53E-07
1179,6.50E-07
1180,1.66E-06
1181,1.17E-05
1182,0.062805401
1183,3.29E-06
1184,1.11E-06
1185,6.03E-07
1186,4.20E-07
1187,3.47E-07
1188,3.32E-07
1189,3.67E-07
1190,4.77E-07
1191,7.62E-07
1192,1.64E-06
1193,4.05E-06
1194,2.05E-06
1195,6.08E-07
1196,2.37E-07
1197,1.12E-07
1198,5.82E-08
1199,3.22E-08
1200,1.83E-08
1201,1.05E-08
1202,5.91E-09
1203,3.23E-09
1204,1.68E-09
1205,8.21E-10
1206,3.83E-10
1207,1.76E-10
1208,8.62E-11
1209,4.86E-11
1210,3.20E-11
1211,6.78E-11
1212,3.81E-10
1213,1.27E-09
1214,3.16E-09
1215,6.46E-09
1216,1.13E-08
1217,1.64E-08
1218,1.93E-08
1219,1.86E-08
1220,1.63E-08
1221,1.45E-08
1222,1.41E-08
1223,1.53E-08
1224,1.80E-08
1225,2.23E-08
1226,2.78E-08
1227,3.44E-08
1228,4.21E-08
1229,5.12E-08
1230,6.29E-08
1231,7.91E-08
1232,1.03E-07
1233,1.39E-07
1234,1.96E-07
1235,2.85E-07
1236,4.21E-07
1237,5.99E-07
1238,7.55E-07
1239,7.97E-07
1240,7.37E-07
1241,6.57E-07
1242,6.09E-07
1243,6.10E-07
1244,6.72E-07
1245,8.25E-07
1246,1.12E-06
1247,1.52E-06
1248,1.53E-06
1249,9.10E-07
1250,4.26E-07
1251,2.03E-07
1252,1.03E-07
1253,5.52E-08
1254,3.09E-08
1255,1.76E-08
1256,1.01E-08
1257,5.70E-09
1258,3.11E-09
1259,1.62E-09
1260,8.05E-10
1261,3.87E-10
1262,1.90E-10
1263,1.02E-10
1264,6.03E-11
1265,3.77E-11
1266,6.02E-11
1267,3.34E-10
1268,1.10E-09
1269,2.67E-09
1270,5.26E-09
1271,8.73E-09
1272,1.21E-08
1273,1.36E-08
1274,1.30E-08
1275,1.13E-08
1276,9.97E-09
1277,9.49E-09
1278,1.00E-08
1279,1.15E-08
1280,1.37E-08
1281,1.66E-08
1282,2.02E-08
1283,2.43E-08
1284,2.93E-08
1285,3.56E-08
1286,4.37E-08
1287,5.45E-08
1288,6.86E-08
1289,8.71E-08
1290,1.11E-07
1291,1.42E-07
1292,1.83E-07
1293,2.37E-07
1294,3.10E-07
1295,4.11E-07
1296,5.50E-07
1297,7.38E-07
1298,9.81E-07
1299,1.27E-06
1300,1.54E-06
1301,1.70E-06
1302,1.58E-06
1303,1.15E-06
1304,6.71E-07
1305,3.47E-07
1306,1.77E-07
1307,9.29E-08
1308,5.08E-08
1309,2.87E-08
1310,1.65E-08
1311,9.52E-09
1312,5.40E-09
1313,2.97E-09
1314,1.57E-09
1315,8.06E-10
1316,4.13E-10
1317,2.25E-10
1318,1.36E-10
1319,8.52E-11
1320,4.94E-11
1321,5.17E-11
1322,2.82E-10
1323,9.15E-10
1324,2.17E-09
1325,4.15E-09
1326,6.60E-09
1327,8.73E-09
1328,9.60E-09
1329,9.07E-09
1330,7.88E-09
1331,6.86E-09
1332,6.39E-09
1333,6.57E-09
1334,7.35E-09
1335,8.64E-09
1336,1.03E-08
1337,1.24E-08
1338,1.49E-08
1339,1.80E-08
1340,2.17E-08
1341,2.62E-08
1342,3.19E-08
1343,3.86E-08
1344,4.68E-08
1345,5.67E-08
1346,6.94E-08
1347,8.66E-08
1348,1.12E-07
1349,1.51E-07
1350,2.18E-07
1351,3.40E-07
1352,5.88E-07
1353,1.15E-06
1354,2.43E-06
1355,4.08E-06
1356,3.60E-06
1357,2.27E-06
1358,1.31E-06
1359,6.87E-07
1360,3.40E-07
1361,1.69E-07
1362,8.79E-08
1363,4.79E-08
1364,2.71E-08
1365,1.56E-08
1366,9.06E-09
1367,5.19E-09
1368,2.90E-09
1369,1.58E-09
1370,8.58E-10
1371,4.84E-10
1372,3.02E-10
1373,2.07E-10
1374,1.37E-10
1375,7.39E-11
1376,4.30E-11
1377,2.29E-10
1378,7.34E-10
1379,1.71E-09
1380,3.16E-09
1381,4.86E-09
1382,6.22E-09
1383,6.71E-09
1384,6.30E-09
1385,5.45E-09
1386,4.68E-09
1387,4.27E-09
1388,4.29E-09
1389,4.72E-09
1390,5.49E-09
1391,6.54E-09
1392,7.86E-09
1393,9.48E-09
1394,1.14E-08
1395,1.38E-08
1396,1.65E-08
1397,1.97E-08
1398,2.35E-08
1399,2.78E-08
1400,3.31E-08
1401,4.00E-08
1402,4.97E-08
1403,6.45E-08
1404,8.88E-08
1405,1.31E-07
1406,2.15E-07
1407,4.05E-07
1408,9.54E-07
1409,3.56E-06
1410,0.047782834
1411,0.004384912
1412,6.42E-06
1413,2.39E-06
1414,9.79E-07
1415,4.08E-07
1416,1.83E-07
1417,9.02E-08
1418,4.78E-08
1419,2.67E-08
1420,1.54E-08
1421,8.96E-09
1422,5.20E-09
1423,2.99E-09
1424,1.71E-09
1425,9.98E-10
1426,6.32E-10
1427,4.52E-10
1428,3.46E-10
1429,2.40E-10
1430,1.23E-10
1431,3.46E-11
1432,1.79E-10
1433,5.64E-10
1434,1.29E-09
1435,2.33E-09
1436,3.47E-09
1437,4.34E-09
1438,4.62E-09
1439,4.31E-09
1440,3.72E-09
1441,3.15E-09
1442,2.82E-09
1443,2.77E-09
1444,3.00E-09
1445,3.47E-09
1446,4.15E-09
1447,5.02E-09
1448,6.10E-09
1449,7.39E-09
1450,8.92E-09
1451,1.07E-08
1452,1.27E-08
1453,1.49E-08
1454,1.75E-08
1455,2.08E-08
1456,2.52E-08
1457,3.18E-08
1458,4.20E-08
1459,5.88E-08
1460,8.88E-08
1461,1.47E-07
1462,2.78E-07
1463,6.41E-07
1464,2.06E-06
1465,1.24E-05
1466,0.000122048
1467,4.80E-05
1468,1.17E-05
1469,2.39E-06
1470,6.40E-07
1471,2.32E-07
1472,1.03E-07
1473,5.17E-08
1474,2.82E-08
1475,1.61E-08
1476,9.43E-09
1477,5.58E-09
1478,3.31E-09
1479,2.00E-09
1480,1.28E-09
1481,9.08E-10
1482,7.30E-10
1483,6.07E-10
1484,4.35E-10
1485,2.20E-10
1486,2.70E-11
1487,1.34E-10
1488,4.16E-10
1489,9.33E-10
1490,1.65E-09
1491,2.41E-09
1492,2.96E-09
1493,3.11E-09
1494,2.90E-09
1495,2.49E-09
1496,2.09E-09
1497,1.83E-09
1498,1.76E-09
1499,1.88E-09
1500,2.17E-09
1501,2.61E-09
1502,3.20E-09
1503,3.93E-09
1504,4.80E-09
1505,5.81E-09
1506,6.95E-09
1507,8.23E-09
1508,9.68E-09
1509,1.14E-08
1510,1.37E-08
1511,1.69E-08
1512,2.18E-08
1513,2.95E-08
1514,4.22E-08
1515,6.45E-08
1516,1.07E-07
1517,1.94E-07
1518,3.90E-07
1519,8.13E-07
1520,1.40E-06
1521,1.80E-06
1522,2.54E-06
1523,8.06E-06
1524,0.019234944
1525,1.62E-06
1526,3.56E-07
1527,1.31E-07
1528,6.11E-08
1529,3.21E-08
1530,1.82E-08
1531,1.07E-08
1532,6.45E-09
1533,3.98E-09
1534,2.55E-09
1535,1.77E-09
1536,1.38E-09
1537,1.22E-09
1538,1.08E-09
1539,7.91E-10
1540,4.00E-10
1541,2.07E-11
1542,9.60E-11
1543,2.93E-10
1544,6.47E-10
1545,1.13E-09
1546,1.62E-09
1547,1.96E-09
1548,2.05E-09
1549,1.90E-09
1550,1.62E-09
1551,1.34E-09
1552,1.15E-09
1553,1.09E-09
1554,1.15E-09
1555,1.33E-09
1556,1.62E-09
1557,2.01E-09
1558,2.50E-09
1559,3.09E-09
1560,3.76E-09
1561,4.52E-09
1562,5.38E-09
1563,6.38E-09
1564,7.64E-09
1565,9.36E-09
1566,1.19E-08
1567,1.57E-08
1568,2.18E-08
1569,3.18E-08
1570,4.88E-08
1571,7.91E-08
1572,1.34E-07
1573,2.28E-07
1574,3.49E-07
1575,4.36E-07
1576,4.87E-07
1577,6.06E-07
1578,1.09E-06
1579,6.85E-06
1580,0.018468164
1581,7.47E-07
1582,1.95E-07
1583,7.99E-08
1584,3.98E-08
1585,2.20E-08
1586,1.30E-08
1587,8.00E-09
1588,5.12E-09
1589,3.46E-09
1590,2.57E-09
1591,2.18E-09
1592,2.05E-09
1593,1.89E-09
1594,1.41E-09
1595,7.20E-10
1596,1.58E-11
1597,6.62E-11
1598,1.97E-10
1599,4.29E-10
1600,7.37E-10
1601,1.04E-09
1602,1.25E-09
1603,1.30E-09
1604,1.20E-09
1605,1.02E-09
1606,8.40E-10
1607,7.08E-10
1608,6.54E-10
1609,6.85E-10
1610,7.97E-10
1611,9.84E-10
1612,1.24E-09
1613,1.57E-09
1614,1.95E-09
1615,2.40E-09
1616,2.91E-09
1617,3.50E-09
1618,4.22E-09
1619,5.18E-09
1620,6.55E-09
1621,8.61E-09
1622,1.18E-08
1623,1.68E-08
1624,2.47E-08
1625,3.76E-08
1626,5.87E-08
1627,9.14E-08
1628,1.34E-07
1629,1.71E-07
1630,1.90E-07
1631,2.02E-07
1632,2.37E-07
1633,3.51E-07
1634,8.26E-07
1635,1.66E-05
1636,3.33E-06
1637,3.56E-07
1638,1.17E-07
1639,5.37E-08
1640,2.87E-08
1641,1.69E-08
1642,1.05E-08
1643,6.92E-09
1644,4.88E-09
1645,3.84E-09
1646,3.47E-09
1647,3.45E-09
1648,3.28E-09
1649,2.47E-09
1650,1.27E-09
1651,1.24E-11
1652,4.44E-11
1653,1.27E-10
1654,2.72E-10
1655,4.62E-10
1656,6.47E-10
1657,7.70E-10
1658,7.98E-10
1659,7.37E-10
1660,6.25E-10
1661,5.07E-10
1662,4.20E-10
1663,3.81E-10
1664,3.96E-10
1665,4.63E-10
1666,5.80E-10
1667,7.44E-10
1668,9.53E-10
1669,1.21E-09
1670,1.50E-09
1671,1.84E-09
1672,2.26E-09
1673,2.80E-09
1674,3.56E-09
1675,4.68E-09
1676,6.40E-09
1677,9.03E-09
1678,1.31E-08
1679,1.94E-08
1680,2.89E-08
1681,4.29E-08
1682,6.13E-08
1683,8.00E-08
1684,9.24E-08
1685,9.74E-08
1686,1.02E-07
1687,1.17E-07
1688,1.58E-07
1689,2.83E-07
1690,9.07E-07
1691,0.000177267
1692,9.41E-07
1693,2.01E-07
1694,7.96E-08
1695,4.02E-08
1696,2.31E-08
1697,1.45E-08
1698,9.70E-09
1699,7.08E-09
1700,5.83E-09
1701,5.55E-09
1702,5.79E-09
1703,5.64E-09
1704,4.23E-09
1705,2.19E-09
1706,1.02E-11
1707,2.95E-11
1708,7.88E-11
1709,1.65E-10
1710,2.76E-10
1711,3.84E-10
1712,4.55E-10
1713,4.70E-10
1714,4.33E-10
1715,3.66E-10
1716,2.95E-10
1717,2.41E-10
1718,2.15E-10
1719,2.22E-10
1720,2.61E-10
1721,3.31E-10
1722,4.32E-10
1723,5.63E-10
1724,7.22E-10
1725,9.13E-10
1726,1.14E-09
1727,1.44E-09
1728,1.86E-09
1729,2.47E-09
1730,3.41E-09
1731,4.84E-09
1732,7.01E-09
1733,1.03E-08
1734,1.51E-08
1735,2.18E-08
1736,3.07E-08
1737,4.07E-08
1738,4.90E-08
1739,5.36E-08
1740,5.52E-08
1741,5.76E-08
1742,6.50E-08
1743,8.44E-08
1744,1.34E-07
1745,2.95E-07
1746,1.42E-06
1747,6.39E-06
1748,4.44E-07
1749,1.34E-07
1750,6.09E-08
1751,3.35E-08
1752,2.07E-08
1753,1.40E-08
1754,1.05E-08
1755,8.96E-09
1756,8.94E-09
1757,9.76E-09
1758,9.73E-09
1759,7.17E-09
1760,3.70E-09
1761,9.20E-12
1762,2.01E-11
1763,4.80E-11
1764,9.65E-11
1765,1.59E-10
1766,2.18E-10
1767,2.57E-10
1768,2.65E-10
1769,2.44E-10
1770,2.06E-10
1771,1.66E-10
1772,1.34E-10
1773,1.18E-10
1774,1.21E-10
1775,1.43E-10
1776,1.84E-10
1777,2.43E-10
1778,3.21E-10
1779,4.19E-10
1780,5.41E-10
1781,6.99E-10
1782,9.16E-10
1783,1.24E-09
1784,1.74E-09
1785,2.50E-09
1786,3.68E-09
1787,5.43E-09
1788,7.97E-09
1789,1.15E-08
1790,1.61E-08
1791,2.16E-08
1792,2.69E-08
1793,3.07E-08
1794,3.26E-08
1795,3.33E-08
1796,3.48E-08
1797,3.93E-08
1798,5.01E-08
1799,7.49E-08
1800,1.40E-07
1801,3.89E-07
1802,3.69E-06
1803,1.78E-06
1804,2.74E-07
1805,1.02E-07
1806,5.19E-08
1807,3.11E-08
1808,2.09E-08
1809,1.59E-08
1810,1.40E-08
1811,1.46E-08
1812,1.68E-08
1813,1.72E-08
1814,1.22E-08
1815,6.17E-09
1816,9.09E-12
1817,1.49E-11
1818,2.98E-11
1819,5.56E-11
1820,8.86E-11
1821,1.20E-10
1822,1.40E-10
1823,1.44E-10
1824,1.33E-10
1825,1.13E-10
1826,9.10E-11
1827,7.38E-11
1828,6.51E-11
1829,6.64E-11
1830,7.82E-11
1831,1.01E-10
1832,1.34E-10
1833,1.79E-10
1834,2.37E-10
1835,3.14E-10
1836,4.21E-10
1837,5.81E-10
1838,8.31E-10
1839,1.23E-09
1840,1.85E-09
1841,2.79E-09
1842,4.16E-09
1843,6.06E-09
1844,8.58E-09
1845,1.16E-08
1846,1.49E-08
1847,1.77E-08
1848,1.96E-08
1849,2.04E-08
1850,2.09E-08
1851,2.20E-08
1852,2.51E-08
1853,3.19E-08
1854,4.64E-08
1855,7.95E-08
1856,1.75E-07
1857,6.64E-07
1858,0.00632198
1859,8.58E-07
1860,2.01E-07
1861,8.77E-08
1862,4.92E-08
1863,3.24E-08
1864,2.47E-08
1865,2.23E-08
1866,2.45E-08
1867,3.03E-08
1868,3.24E-08
1869,2.15E-08
1870,1.03E-08
1871,9.73E-12
1872,1.27E-11
1873,2.02E-11
1874,3.32E-11
1875,4.97E-11
1876,6.53E-11
1877,7.55E-11
1878,7.75E-11
1879,7.19E-11
1880,6.18E-11
1881,5.08E-11
1882,4.21E-11
1883,3.77E-11
1884,3.83E-11
1885,4.45E-11
1886,5.63E-11
1887,7.43E-11
1888,9.92E-11
1889,1.33E-10
1890,1.82E-10
1891,2.55E-10
1892,3.71E-10
1893,5.62E-10
1894,8.70E-10
1895,1.35E-09
1896,2.08E-09
1897,3.10E-09
1898,4.48E-09
1899,6.20E-09
1900,8.14E-09
1901,1.01E-08
1902,1.16E-08
1903,1.26E-08
1904,1.30E-08
1905,1.34E-08
1906,1.43E-08
1907,1.66E-08
1908,2.14E-08
1909,3.08E-08
1910,5.04E-08
1911,9.77E-08
1912,2.56E-07
1913,1.66E-06
1914,0.026506168
1915,5.43E-07
1916,1.70E-07
1917,8.46E-08
1918,5.31E-08
1919,4.00E-08
1920,3.67E-08
1921,4.26E-08
1922,5.97E-08
1923,6.94E-08
1924,4.01E-08
1925,1.75E-08
1926,1.10E-11
1927,1.24E-11
1928,1.60E-11
1929,2.22E-11
1930,3.00E-11
1931,3.74E-11
1932,4.23E-11
1933,4.33E-11
1934,4.08E-11
1935,3.61E-11
1936,3.11E-11
1937,2.71E-11
1938,2.51E-11
1939,2.56E-11
1940,2.88E-11
1941,3.49E-11
1942,4.43E-11
1943,5.78E-11
1944,7.75E-11
1945,1.08E-10
1946,1.57E-10
1947,2.41E-10
1948,3.82E-10
1949,6.13E-10
1950,9.73E-10
1951,1.50E-09
1952,2.24E-09
1953,3.20E-09
1954,4.33E-09
1955,5.54E-09
1956,6.67E-09
1957,7.53E-09
1958,8.06E-09
1959,8.37E-09
1960,8.74E-09
1961,9.58E-09
1962,1.14E-08
1963,1.50E-08
1964,2.17E-08
1965,3.46E-08
1966,6.20E-08
1967,1.34E-07
1968,4.26E-07
1969,1.02E-05
1970,4.14E-06
1971,4.21E-07
1972,1.65E-07
1973,9.40E-08
1974,6.80E-08
1975,6.23E-08
1976,7.73E-08
1977,1.36E-07
1978,2.03E-07
1979,8.40E-08
1980,3.08E-08
1981,1.26E-11
1982,1.34E-11
1983,1.51E-11
1984,1.79E-11
1985,2.14E-11
1986,2.48E-11
1987,2.70E-11
1988,2.77E-11
1989,2.67E-11
1990,2.49E-11
1991,2.28E-11
1992,2.13E-11
1993,2.07E-11
1994,2.12E-11
1995,2.29E-11
1996,2.61E-11
1997,3.10E-11
1998,3.84E-11
1999,4.99E-11
2000,6.89E-11
2001,1.02E-10
2002,1.60E-10
2003,2.60E-10
2004,4.25E-10
2005,6.81E-10
2006,1.05E-09
2007,1.56E-09
2008,2.19E-09
2009,2.92E-09
2010,3.66E-09
2011,4.32E-09
2012,4.82E-09
2013,5.14E-09
2014,5.39E-09
2015,5.76E-09
2016,6.53E-09
2017,8.07E-09
2018,1.09E-08
2019,1.60E-08
2020,2.51E-08
2021,4.28E-08
2022,8.19E-08
2023,1.92E-07
2024,7.25E-07
2025,0.065196268
2026,1.88E-06
2027,3.99E-07
2028,1.86E-07
2029,1.22E-07
2030,1.07E-07
2031,1.38E-07
2032,3.45E-07
2033,2.21E-06
2034,2.07E-07
2035,5.69E-08
2036,1.45E-11
2037,1.49E-11
2038,1.58E-11
2039,1.71E-11
2040,1.87E-11
2041,2.02E-11
2042,2.13E-11
2043,2.18E-11
2044,2.16E-11
2045,2.11E-11
2046,2.05E-11
2047,2.02E-11
2048,2.02E-11
2049,2.08E-11
2050,2.20E-11
2051,2.38E-11
2052,2.66E-11
2053,3.08E-11
2054,3.77E-11
2055,4.97E-11
2056,7.14E-11
2057,1.10E-10
2058,1.78E-10
2059,2.90E-10
2060,4.63E-10
2061,7.11E-10
2062,1.04E-09
2063,1.44E-09
2064,1.89E-09
2065,2.34E-09
2066,2.73E-09
2067,3.03E-09
2068,3.25E-09
2069,3.47E-09
2070,3.85E-09
2071,4.57E-09
2072,5.91E-09
2073,8.25E-09
2074,1.22E-08
2075,1.91E-08
2076,3.14E-08
2077,5.53E-08
2078,1.09E-07
2079,2.67E-07
2080,1.08E-06
2081,2.28E-05
2082,1.57E-06
2083,4.33E-07
2084,2.24E-07
2085,1.67E-07
2086,1.90E-07
2087,4.38E-07
2088,0.026283254
2089,4.34E-07
2090,1.05E-07
2091,1.64E-11
2092,1.67E-11
2093,1.72E-11
2094,1.78E-11
2095,1.86E-11
2096,1.94E-11
2097,2.00E-11
2098,2.05E-11
2099,2.07E-11
2100,2.08E-11
2101,2.09E-11
2102,2.11E-11
2103,2.15E-11
2104,2.22E-11
2105,2.31E-11
2106,2.44E-11
2107,2.62E-11
2108,2.89E-11
2109,3.33E-11
2110,4.09E-11
2111,5.49E-11
2112,8.01E-11
2113,1.24E-10
2114,1.96E-10
2115,3.05E-10
2116,4.61E-10
2117,6.66E-10
2118,9.11E-10
2119,1.18E-09
2120,1.44E-09
2121,1.67E-09
2122,1.86E-09
2123,2.03E-09
2124,2.25E-09
2125,2.62E-09
2126,3.30E-09
2127,4.48E-09
2128,6.47E-09
2129,9.72E-09
2130,1.50E-08
2131,2.39E-08
2132,3.98E-08
2133,7.07E-08
2134,1.41E-07
2135,3.58E-07
2136,1.73E-06
2137,0.076679124
2138,1.24E-06
2139,3.69E-07
2140,2.01E-07
2141,1.65E-07
2142,2.00E-07
2143,3.07E-07
2144,2.58E-07
2145,1.45E-07
2146,1.79E-11
2147,1.82E-11
2148,1.85E-11
2149,1.89E-11
2150,1.94E-11
2151,2.00E-11
2152,2.04E-11
2153,2.09E-11
2154,2.12E-11
2155,2.16E-11
2156,2.20E-11
2157,2.25E-11
2158,2.31E-11
2159,2.38E-11
2160,2.47E-11
2161,2.59E-11
2162,2.73E-11
2163,2.92E-11
2164,3.22E-11
2165,3.72E-11
2166,4.61E-11
2167,6.17E-11
2168,8.85E-11
2169,1.32E-10
2170,1.98E-10
2171,2.91E-10
2172,4.11E-10
2173,5.54E-10
2174,7.08E-10
2175,8.61E-10
2176,1.00E-09
2177,1.13E-09
2178,1.27E-09
2179,1.48E-09
2180,1.84E-09
2181,2.47E-09
2182,3.52E-09
2183,5.22E-09
2184,7.90E-09
2185,1.21E-08
2186,1.88E-08
2187,2.99E-08
2188,4.96E-08
2189,8.92E-08
2190,1.88E-07
2191,5.67E-07
2192,8.73E-06
2193,3.88E-06
2194,4.63E-07
2195,1.83E-07
2196,1.12E-07
2197,9.36E-08
2198,9.64E-08
2199,1.02E-07
2200,1.06E-07
2201,1.88E-11
2202,1.90E-11
2203,1.93E-11
2204,1.97E-11
2205,2.01E-11
2206,2.05E-11
2207,2.09E-11
2208,2.14E-11
2209,2.18E-11
2210,2.23E-11
2211,2.28E-11
2212,2.34E-11
2213,2.41E-11
2214,2.49E-11
2215,2.58E-11
2216,2.68E-11
2217,2.81E-11
2218,2.97E-11
2219,3.19E-11
2220,3.53E-11
2221,4.09E-11
2222,5.04E-11
2223,6.62E-11
2224,9.14E-11
2225,1.29E-10
2226,1.81E-10
2227,2.48E-10
2228,3.28E-10
2229,4.15E-10
2230,5.02E-10
2231,5.89E-10
2232,6.83E-10
2233,8.06E-10
2234,1.00E-09
2235,1.34E-09
2236,1.91E-09
2237,2.84E-09
2238,4.29E-09
2239,6.50E-09
2240,9.84E-09
2241,1.50E-08
2242,2.31E-08
2243,3.68E-08
2244,6.26E-08
2245,1.21E-07
2246,3.09E-07
2247,1.86E-06
2248,8.92E-06
2249,4.70E-07
2250,1.50E-07
2251,7.71E-08
2252,5.30E-08
2253,4.59E-08
2254,4.73E-08
2255,5.58E-08
2256,1.87E-11
2257,1.90E-11
2258,1.92E-11
2259,1.96E-11
2260,1.99E-11
2261,2.03E-11
2262,2.07E-11
2263,2.11E-11
2264,2.16E-11
2265,2.21E-11
2266,2.27E-11
2267,2.33E-11
2268,2.40E-11
2269,2.47E-11
2270,2.56E-11
2271,2.66E-11
2272,2.78E-11
2273,2.92E-11
2274,3.09E-11
2275,3.34E-11
2276,3.71E-11
2277,4.28E-11
2278,5.20E-11
2279,6.60E-11
2280,8.65E-11
2281,1.15E-10
2282,1.51E-10
2283,1.94E-10
2284,2.41E-10
2285,2.93E-10
2286,3.50E-10
2287,4.22E-10
2288,5.31E-10
2289,7.11E-10
2290,1.02E-09
2291,1.52E-09
2292,2.31E-09
2293,3.53E-09
2294,5.33E-09
2295,8.00E-09
2296,1.20E-08
2297,1.81E-08
2298,2.83E-08
2299,4.69E-08
2300,8.76E-08
2301,2.09E-07
2302,1.00E-06
2303,4.25E-05
2304,4.65E-07
2305,1.27E-07
2306,5.78E-08
2307,3.46E-08
2308,2.63E-08
2309,2.51E-08
2310,2.89E-08
2311,1.76E-11
2312,1.79E-11
2313,1.81E-11
2314,1.84E-11
2315,1.87E-11
2316,1.91E-11
2317,1.94E-11
2318,1.98E-11
2319,2.03E-11
2320,2.08E-11
2321,2.13E-11
2322,2.19E-11
2323,2.25E-11
2324,2.32E-11
2325,2.40E-11
2326,2.50E-11
2327,2.60E-11
2328,2.72E-11
2329,2.86E-11
2330,3.05E-11
2331,3.30E-11
2332,3.66E-11
2333,4.19E-11
2334,4.97E-11
2335,6.07E-11
2336,7.56E-11
2337,9.47E-11
2338,1.18E-10
2339,1.44E-10
2340,1.76E-10
2341,2.16E-10
2342,2.74E-10
2343,3.67E-10
2344,5.25E-10
2345,7.89E-10
2346,1.22E-09
2347,1.88E-09
2348,2.87E-09
2349,4.33E-09
2350,6.45E-09
2351,9.58E-09
2352,1.44E-08
2353,2.22E-08
2354,3.66E-08
2355,6.74E-08
2356,1.56E-07
2357,6.61E-07
2358,0.120764221
2359,4.52E-07
2360,1.11E-07
2361,4.64E-08
2362,2.50E-08
2363,1.68E-08
2364,1.44E-08
2365,1.55E-08
2366,1.57E-11
2367,1.59E-11
2368,1.61E-11
2369,1.64E-11
2370,1.66E-11
2371,1.69E-11
2372,1.72E-11
2373,1.76E-11
2374,1.79E-11
2375,1.84E-11
2376,1.88E-11
2377,1.93E-11
2378,1.99E-11
2379,2.05E-11
2380,2.12E-11
2381,2.20E-11
2382,2.28E-11
2383,2.38E-11
2384,2.50E-11
2385,2.64E-11
2386,2.82E-11
2387,3.06E-11
2388,3.38E-11
2389,3.82E-11
2390,4.43E-11
2391,5.23E-11
2392,6.26E-11
2393,7.53E-11
2394,9.12E-11
2395,1.12E-10
2396,1.41E-10
2397,1.88E-10
2398,2.66E-10
2399,3.97E-10
2400,6.15E-10
2401,9.63E-10
2402,1.50E-09
2403,2.29E-09
2404,3.45E-09
2405,5.12E-09
2406,7.60E-09
2407,1.14E-08
2408,1.77E-08
2409,2.91E-08
2410,5.33E-08
2411,1.19E-07
2412,4.24E-07
2413,2.67E-06
2414,3.65E-07
2415,9.45E-08
2416,3.83E-08
2417,1.92E-08
2418,1.15E-08
2419,8.72E-09
2420,8.54E-09
2421,1.32E-11
2422,1.34E-11
2423,1.35E-11
2424,1.37E-11
2425,1.39E-11
2426,1.42E-11
2427,1.44E-11
2428,1.47E-11
2429,1.50E-11
2430,1.53E-11
2431,1.57E-11
2432,1.61E-11
2433,1.65E-11
2434,1.70E-11
2435,1.75E-11
2436,1.81E-11
2437,1.88E-11
2438,1.96E-11
2439,2.05E-11
2440,2.16E-11
2441,2.29E-11
2442,2.44E-11
2443,2.65E-11
2444,2.92E-11
2445,3.26E-11
2446,3.72E-11
2447,4.31E-11
2448,5.07E-11
2449,6.09E-11
2450,7.54E-11
2451,9.77E-11
2452,1.34E-10
2453,1.97E-10
2454,3.01E-10
2455,4.73E-10
2456,7.44E-10
2457,1.16E-09
2458,1.78E-09
2459,2.68E-09
2460,4.00E-09
2461,5.97E-09
2462,9.05E-09
2463,1.42E-08
2464,2.35E-08
2465,4.28E-08
2466,9.19E-08
2467,2.63E-07
2468,6.47E-07
2469,2.31E-07
2470,7.39E-08
2471,3.08E-08
2472,1.50E-08
2473,8.18E-09
2474,5.42E-09
2475,4.72E-09
2476,1.06E-11
2477,1.07E-11
2478,1.08E-11
2479,1.10E-11
2480,1.11E-11
2481,1.13E-11
2482,1.14E-11
2483,1.16E-11
2484,1.18E-11
2485,1.21E-11
2486,1.23E-11
2487,1.26E-11
2488,1.29E-11
2489,1.33E-11
2490,1.37E-11
2491,1.41E-11
2492,1.46E-11
2493,1.52E-11
2494,1.58E-11
2495,1.66E-11
2496,1.75E-11
2497,1.85E-11
2498,1.98E-11
2499,2.15E-11
2500,2.36E-11
2501,2.64E-11
2502,3.00E-11
2503,3.49E-11
2504,4.19E-11
2505,5.23E-11
2506,6.90E-11
2507,9.68E-11
2508,1.44E-10
2509,2.23E-10
2510,3.51E-10
2511,5.54E-10
2512,8.65E-10
2513,1.33E-09
2514,2.02E-09
2515,3.06E-09
2516,4.66E-09
2517,7.21E-09
2518,1.15E-08
2519,1.94E-08
2520,3.55E-08
2521,7.35E-08
2522,1.74E-07
2523,2.78E-07
2524,1.36E-07
2525,5.33E-08
2526,2.37E-08
2527,1.15E-08
2528,5.89E-09
2529,3.41E-09
2530,2.57E-09
2531,8.24E-12
2532,8.32E-12
2533,8.40E-12
2534,8.48E-12
2535,8.58E-12
2536,8.68E-12
2537,8.79E-12
2538,8.92E-12
2539,9.05E-12
2540,9.20E-12
2541,9.37E-12
2542,9.55E-12
2543,9.76E-12
2544,9.99E-12
2545,1.02E-11
2546,1.05E-11
2547,1.09E-11
2548,1.12E-11
2549,1.16E-11
2550,1.21E-11
2551,1.27E-11
2552,1.34E-11
2553,1.42E-11
2554,1.53E-11
2555,1.66E-11
2556,1.83E-11
2557,2.06E-11
2558,2.39E-11
2559,2.86E-11
2560,3.59E-11
2561,4.78E-11
2562,6.77E-11
2563,1.01E-10
2564,1.57E-10
2565,2.48E-10
2566,3.92E-10
2567,6.17E-10
2568,9.64E-10
2569,1.50E-09
2570,2.34E-09
2571,3.68E-09
2572,5.92E-09
2573,9.81E-09
2574,1.70E-08
2575,3.17E-08
2576,6.49E-08
2577,1.37E-07
2578,1.68E-07
2579,8.63E-08
2580,3.76E-08
2581,1.75E-08
2582,8.51E-09
2583,4.18E-09
2584,2.15E-09
2585,1.36E-09
2586,6.44E-12
2587,6.48E-12
2588,6.53E-12
2589,6.58E-12
2590,6.63E-12
2591,6.69E-12
2592,6.76E-12
2593,6.83E-12
2594,6.90E-12
2595,6.99E-12
2596,7.09E-12
2597,7.19E-12
2598,7.31E-12
2599,7.44E-12
2600,7.59E-12
2601,7.75E-12
2602,7.94E-12
2603,8.15E-12
2604,8.40E-12
2605,8.69E-12
2606,9.02E-12
2607,9.43E-12
2608,9.93E-12
2609,1.05E-11
2610,1.13E-11
2611,1.24E-11
2612,1.38E-11
2613,1.59E-11
2614,1.90E-11
2615,2.38E-11
2616,3.17E-11
2617,4.49E-11
2618,6.70E-11
2619,1.04E-10
2620,1.65E-10
2621,2.64E-10
2622,4.25E-10
2623,6.87E-10
2624,1.12E-09
2625,1.85E-09
2626,3.08E-09
2627,5.24E-09
2628,9.15E-09
2629,1.67E-08
2630,3.24E-08
2631,6.91E-08
2632,1.41E-07
2633,1.36E-07
2634,6.33E-08
2635,2.77E-08
2636,1.29E-08
2637,6.16E-09
2638,2.89E-09
2639,1.33E-09
2640,6.90E-10
2641,5.25E-12
2642,5.27E-12
2643,5.29E-12
2644,5.32E-12
2645,5.34E-12
2646,5.37E-12
2647,5.41E-12
2648,5.44E-12
2649,5.48E-12
2650,5.52E-12
2651,5.57E-12
2652,5.62E-12
2653,5.68E-12
2654,5.75E-12
2655,5.82E-12
2656,5.91E-12
2657,6.00E-12
2658,6.11E-12
2659,6.24E-12
2660,6.39E-12
2661,6.57E-12
2662,6.78E-12
2663,7.05E-12
2664,7.39E-12
2665,7.83E-12
2666,8.42E-12
2667,9.26E-12
2668,1.05E-11
2669,1.23E-11
2670,1.52E-11
2671,1.99E-11
2672,2.79E-11
2673,4.13E-11
2674,6.42E-11
2675,1.04E-10
2676,1.72E-10
2677,2.93E-10
2678,5.10E-10
2679,9.01E-10
2680,1.61E-09
2681,2.89E-09
2682,5.25E-09
2683,9.71E-09
2684,1.88E-08
2685,4.00E-08
2686,9.89E-08
2687,2.27E-07
2688,1.49E-07
2689,5.38E-08
2690,2.19E-08
2691,9.78E-09
2692,4.44E-09
2693,1.95E-09
2694,8.01E-10
2695,3.36E-10
2696,4.57E-12
2697,4.58E-12
2698,4.59E-12
2699,4.60E-12
2700,4.61E-12
2701,4.63E-12
2702,4.64E-12
2703,4.66E-12
2704,4.67E-12
2705,4.69E-12
2706,4.71E-12
2707,4.73E-12
2708,4.76E-12
2709,4.79E-12
2710,4.82E-12
2711,4.86E-12
2712,4.90E-12
2713,4.95E-12
2714,5.00E-12
2715,5.07E-12
2716,5.15E-12
2717,5.25E-12
2718,5.38E-12
2719,5.54E-12
2720,5.76E-12
2721,6.06E-12
2722,6.48E-12
2723,7.10E-12
2724,8.06E-12
2725,9.59E-12
2726,1.21E-11
2727,1.64E-11
2728,2.40E-11
2729,3.80E-11
2730,6.45E-11
2731,1.16E-10
2732,2.19E-10
2733,4.24E-10
2734,8.26E-10
2735,1.60E-09
2736,3.06E-09
2737,5.84E-09
2738,1.14E-08
2739,2.38E-08
2740,5.86E-08
2741,2.20E-07
2742,1.30E-06
2743,1.94E-07
2744,4.92E-08
2745,1.84E-08
2746,7.75E-09
2747,3.28E-09
2748,1.31E-09
2749,4.68E-10
2750,1.57E-10
2751,4.25E-12
2752,4.26E-12
2753,4.26E-12
2754,4.26E-12
2755,4.27E-12
2756,4.27E-12
2757,4.28E-12
2758,4.28E-12
2759,4.29E-12
2760,4.29E-12
2761,4.30E-12
2762,4.31E-12
2763,4.32E-12
2764,4.33E-12
2765,4.34E-12
2766,4.35E-12
2767,4.37E-12
2768,4.39E-12
2769,4.41E-12
2770,4.44E-12
2771,4.47E-12
2772,4.51E-12
2773,4.56E-12
2774,4.62E-12
2775,4.71E-12
2776,4.84E-12
2777,5.02E-12
2778,5.29E-12
2779,5.72E-12
2780,6.41E-12
2781,7.60E-12
2782,9.78E-12
2783,1.41E-11
2784,2.31E-11
2785,4.30E-11
2786,8.75E-11
2787,1.86E-10
2788,3.95E-10
2789,8.23E-10
2790,1.67E-09
2791,3.30E-09
2792,6.48E-09
2793,1.30E-08
2794,2.84E-08
2795,7.80E-08
2796,4.64E-07
2797,0.020895471
2798,1.58E-07
2799,4.03E-08
2800,1.51E-08
2801,6.18E-09
2802,2.46E-09
2803,8.84E-10
2804,2.70E-10
2805,7.10E-11
2806,4.13E-12
2807,4.13E-12
2808,4.13E-12
2809,4.13E-12
2810,4.13E-12
2811,4.13E-12
2812,4.13E-12
2813,4.14E-12
2814,4.14E-12
2815,4.14E-12
2816,4.14E-12
2817,4.14E-12
2818,4.15E-12
2819,4.15E-12
2820,4.15E-12
2821,4.16E-12
2822,4.16E-12
2823,4.17E-12
2824,4.17E-12
2825,4.18E-12
2826,4.19E-12
2827,4.20E-12
2828,4.22E-12
2829,4.24E-12
2830,4.27E-12
2831,4.32E-12
2832,4.38E-12
2833,4.48E-12
2834,4.63E-12
2835,4.90E-12
2836,5.41E-12
2837,6.51E-12
2838,9.09E-12
2839,1.55E-11
2840,3.16E-11
2841,7.07E-11
2842,1.62E-10
2843,3.61E-10
2844,7.74E-10
2845,1.59E-09
2846,3.15E-09
2847,6.10E-09
2848,1.19E-08
2849,2.41E-08
2850,5.30E-08
2851,1.16E-07
2852,1.32E-07
2853,6.12E-08
2854,2.51E-08
2855,1.08E-08
2856,4.57E-09
2857,1.79E-09
2858,5.98E-10
2859,1.58E-10
2860,3.28E-11
2861,4.09E-12
2862,4.09E-12
2863,4.09E-12
2864,4.09E-12
2865,4.09E-12
2866,4.09E-12
2867,4.09E-12
2868,4.09E-12
2869,4.09E-12
2870,4.09E-12
2871,4.09E-12
2872,4.09E-12
2873,4.09E-12
2874,4.09E-12
2875,4.10E-12
2876,4.10E-12
2877,4.10E-12
2878,4.10E-12
2879,4.10E-12
2880,4.10E-12
2881,4.10E-12
2882,4.11E-12
2883,4.11E-12
2884,4.12E-12
2885,4.12E-12
2886,4.14E-12
2887,4.15E-12
2888,4.18E-12
2889,4.23E-12
2890,4.32E-12
2891,4.53E-12
2892,5.10E-12
2893,6.67E-12
2894,1.10E-11
2895,2.27E-11
2896,5.22E-11
2897,1.22E-10
2898,2.76E-10
2899,5.92E-10
2900,1.20E-09
2901,2.33E-09
2902,4.31E-09
2903,7.72E-09
2904,1.33E-08
2905,2.17E-08
2906,3.01E-08
2907,3.09E-08
2908,2.25E-08
2909,1.31E-08
2910,6.80E-09
2911,3.19E-09
2912,1.31E-09
2913,4.39E-10
2914,1.10E-10
2915,1.96E-11
2916,4.08E-12
2917,4.08E-12
2918,4.08E-12
2919,4.08E-12
2920,4.08E-12
2921,4.08E-12
2922,4.08E-12
2923,4.08E-12
2924,4.08E-12
2925,4.08E-12
2926,4.08E-12
2927,4.08E-12
2928,4.08E-12
2929,4.08E-12
2930,4.08E-12
2931,4.08E-12
2932,4.08E-12
2933,4.08E-12
2934,4.08E-12
2935,4.08E-12
2936,4.08E-12
2937,4.08E-12
2938,4.08E-12
2939,4.09E-12
2940,4.09E-12
2941,4.09E-12
2942,4.09E-12
2943,4.10E-12
2944,4.11E-12
2945,4.14E-12
2946,4.22E-12
2947,4.49E-12
2948,5.31E-12
2949,7.71E-12
2950,1.43E-11
2951,3.13E-11
2952,7.18E-11
2953,1.62E-10
2954,3.46E-10
2955,7.00E-10
2956,1.34E-09
2957,2.41E-09
2958,4.11E-09
2959,6.65E-09
2960,1.00E-08
2961,1.36E-08
2962,1.57E-08
2963,1.46E-08
2964,1.10E-08
2965,6.96E-09
2966,3.81E-09
2967,1.79E-09
2968,6.81E-10
2969,1.87E-10
2970,3.04E-11
2971,4.08E-12
2972,4.08E-12
2973,4.08E-12
2974,4.08E-12
2975,4.08E-12
2976,4.08E-12
2977,4.08E-12
2978,4.08E-12
2979,4.08E-12
2980,4.08E-12
2981,4.08E-12
2982,4.08E-12
2983,4.08E-12
2984,4.08E-12
2985,4.08E-12
2986,4.08E-12
2987,4.08E-12
2988,4.08E-12
2989,4.08E-12
2990,4.08E-12
2991,4.08E-12
2992,4.08E-12
2993,4.08E-12
2994,4.08E-12
2995,4.08E-12
2996,4.08E-12
2997,4.08E-12
2998,4.08E-12
2999,4.09E-12
3000,4.10E-12
3001,4.14E-12
3002,4.30E-12
3003,4.79E-12
3004,6.27E-12
3005,1.05E-11
3006,2.18E-11
3007,5.00E-11
3008,1.16E-10
3009,2.62E-10
3010,5.66E-10
3011,1.17E-09
3012,2.33E-09
3013,4.54E-09
3014,8.90E-09
3015,1.83E-08
3016,4.33E-08
3017,1.52E-07
3018,0.008422182
3019,4.81E-07
3020,6.56E-08
3021,2.03E-08
3022,7.37E-09
3023,2.51E-09
3024,6.65E-10
3025,9.93E-11
