Planet_Name,ra,st_raerr,st_rah,st_raherr,ra_str,dec,st_decerr,dec_str,st_glon,st_glonerr,st_glat,st_glaterr,st_elon,st_elonerr,st_elat,st_elaterr,st_posn,st_plx,st_plxerr1,st_plxerr2,st_plxlim,st_plxn,st_dist,st_disterr1,st_disterr2,st_distlim,st_distn,st_pmra,st_pmraerr,st_pmralim,st_pmdec,st_pmdecerr,st_pmdeclim,st_pm,st_pmerr,st_pmlim,st_pmn,st_radv,st_radverr1,st_radverr2,st_radvlim,st_radvn,st_uj,st_ujerr,st_ujlim,st_bj,st_bjerr,st_bjlim,st_vj,st_vjerr,st_vjlim,st_rc,st_rcerr,st_rclim,st_ic,st_icerr,st_iclim,st_j,st_jerr,st_jlim,st_h,st_herr,st_hlim,st_k,st_kerr,st_klim,st_wise1,st_wise1err,st_wise1lim,st_wise2,st_wise2err,st_wise2lim,st_wise3,st_wise3err,st_wise3lim,st_wise4,st_wise4err,st_wise4lim,st_irac1,st_irac1err,st_irac1lim,st_irac2,st_irac2err,st_irac2lim,st_irac3,st_irac3err,st_irac3lim,st_irac4,st_irac4err,st_irac4lim,st_mips1,st_mips1err,st_mips1lim,st_mips2,st_mips2err,st_mips2lim,st_mips3,st_mips3err,st_mips3lim,st_iras1,st_iras1err,st_iras1lim,st_iras2,st_iras2err,st_iras2lim,st_iras3,st_iras3err,st_iras3lim,st_iras4,st_iras4err,st_iras4lim,st_optmag,st_optmagerr,st_optmaglim,st_optband,st_photn,st_umbj,st_umbjerr,st_umbjlim,st_bmvj,st_bmvjerr,st_bmvjlim,st_vjmic,st_vjmicerr,st_vjmiclim,st_vjmrc,st_vjmrcerr,st_vjmrclim,st_jmh2,st_jmh2err,st_jmh2lim,st_hmk2,st_hmk2err,st_hmk2lim,st_jmk2,st_jmk2err,st_jmk2lim,st_bmy,st_bmyerr,st_bmylim,st_m1,st_m1err,st_m1lim,st_c1,st_c1err,st_c1lim,st_colorn,st_spstr,st_ssperr,st_splim,st_spn,st_teff,st_tefferr1,st_tefferr2,st_tefflim,st_teffn,st_logg,st_loggerr1,st_loggerr2,st_logglim,st_loggn,st_metfe,st_metfeerr1,st_metfeerr2,st_metfelim,st_metfen,st_metratio,st_lum,st_lumerr1,st_lumerr2,st_lumlim,st_lumn,st_rad,st_raderr1,st_raderr2,st_radlim,st_radn,st_mass,st_masserr1,st_masserr2,st_masslim,st_massn,st_dens,st_denserr1,st_denserr2,st_denslim,st_densn,st_age,st_ageerr1,st_ageerr2,st_agelim,st_agen,st_vsini,st_vsinierr1,st_vsinierr2,st_vsinilim,st_vsinin,st_acts,st_actserr,st_actslim,st_actsn,st_actr,st_actrerr,st_actrlim,st_actrn,st_actlx,st_actlxerr,st_actlxlim,st_actlxn,st_nts,st_nplc,st_nglc,st_nrvc,st_naxa,st_nimg,st_nspec,hd_name,hip_name,swasp_id,pl_name,pl_hostname,pl_letter,pl_pnum,pl_snum,pl_mnum,pl_status,pl_discmethod,pl_disc,pl_disc_refname,pl_publ_date,pl_facility,pl_telescope,pl_instrument,pl_locale,pl_def_refname,pl_rvflag,pl_imgflag,pl_astflag,pl_tranflag,pl_ttvflag,pl_kepflag,pl_k2flag,pl_nnotes,pl_cbflag,pl_omflag,pl_pelink,pl_edelink,pl_orbper,pl_orbpererr1,pl_orbpererr2,pl_orbperlim,pl_orbpern,pl_orbsmax,pl_orbsmaxerr1,pl_orbsmaxerr2,pl_orbsmaxlim,pl_orbsmaxn,pl_orbincl,pl_orbinclerr1,pl_orbinclerr2,pl_orbincllim,pl_orbincln,pl_orbtper,pl_orbtpererr1,pl_orbtpererr2,pl_orbtperlim,pl_orbtpern,pl_orbeccen,pl_orbeccenerr1,pl_orbeccenerr2,pl_orbeccenlim,pl_orbeccenn,pl_orblper,pl_orblpererr1,pl_orblpererr2,pl_orblperlim,pl_orblpern,pl_rvamp,pl_rvamperr1,pl_rvamperr2,pl_rvamplim,pl_rvampn,pl_conrat,pl_conraterr1,pl_conraterr2,pl_conratlim,pl_conratband,pl_conratn,pl_msinij,pl_msinijerr1,pl_msinijerr2,pl_msinijlim,pl_msinie,pl_msinieerr1,pl_msinieerr2,pl_msinielim,pl_msinin,pl_massj,pl_massjerr1,pl_massjerr2,pl_massjlim,pl_masse,pl_masseerr1,pl_masseerr2,pl_masselim,pl_massn,pl_bmassj,pl_bmassjerr1,pl_bmassjerr2,pl_bmassjlim,pl_bmasse,pl_bmasseerr1,pl_bmasseerr2,pl_bmasselim,pl_bmassn,pl_bmassprov,pl_radj,pl_radjerr1,pl_radjerr2,pl_radjlim,pl_rade,pl_radeerr1,pl_radeerr2,pl_radelim,pl_rads,pl_radserr1,pl_radserr2,pl_radslim,pl_radn,pl_dens,pl_denserr1,pl_denserr2,pl_denslim,pl_densn,pl_eqt,pl_eqterr1,pl_eqterr2,pl_eqtlim,pl_eqtn,pl_insol,pl_insolerr1,pl_insolerr2,pl_insollim,pl_insoln,pl_trandep,pl_trandeperr1,pl_trandeperr2,pl_trandeplim,pl_trandepn,pl_trandur,pl_trandurerr1,pl_trandurerr2,pl_trandurlim,pl_trandurn,pl_tranmid,pl_tranmiderr1,pl_tranmiderr2,pl_tranmidlim,pl_tranmidn,pl_tsystemref,pl_imppar,pl_impparerr1,pl_impparerr2,pl_impparlim,pl_impparn,pl_occdep,pl_occdeperr1,pl_occdeperr2,pl_occdeplim,pl_occdepn,pl_ratdor,pl_ratdorerr1,pl_ratdorerr2,pl_ratdorlim,pl_ratdorn,pl_ratror,pl_ratrorerr1,pl_ratrorerr2,pl_ratrorlim,pl_ratrorn,pl_mrtranmid,pl_mrtranmiderr1,pl_mrtranmiderr2,pl_mrtranmidlim,pl_mrtmrefid,pl_mrtmreflink,pl_mrtsystemref,pl_st_npar,pl_st_nref,rowupdate,gaia_plx,gaia_plxerr1,gaia_plxerr2,gaia_plxlim,gaia_dist,gaia_disterr1,gaia_disterr2,gaia_distlim,gaia_pmra,gaia_pmraerr,gaia_pmralim,gaia_pmdec,gaia_pmdecerr,gaia_pmdeclim,gaia_pm,gaia_pmerr,gaia_pmlim,gaia_gmag,gaia_gmagerr,gaia_gmaglim,pl_angsep,pl_angseperr1,pl_angseperr2
hats6b,88.146797,1.7e-05,5.87645313,1.11e-06,05h52m35.23s,-19.031656,1.7e-05,-19d01m54.0s,224.113579,2.3e-05,-21.245681,2.1e-05,87.625236,2.2e-05,-42.455672,1.7e-05,1,1e+20,1e+20,1e+20,0,1,148.4,3.3,-3.3,0,2,-2.5,0.0,0,7.3,0.1,0,7.8,0.1,0,1,1e+20,1e+20,1e+20,999999,0,1e+20,1e+20,999999,16.664,0.043,0,15.16,0.024,0,1e+20,1e+20,999999,1e+20,1e+20,999999,12.046,0.021,0,11.397,0.022,0,11.224,0.021,0,11.108,0.024,0,11.122,0.021,0,11.216,0.141,0,8.89,1e+20,-1,1e+20,1e+20,999999,1e+20,1e+20,999999,1e+20,1e+20,999999,1e+20,1e+20,999999,1e+20,1e+20,999999,1e+20,1e+20,999999,1e+20,1e+20,999999,1e+20,1e+20,999999,1e+20,1e+20,999999,1e+20,1e+20,999999,1e+20,1e+20,999999,15.16,0.024,0,V (Johnson),10,1e+20,1e+20,999999,1.504,0.049,0,1e+20,1e+20,999999,1e+20,1e+20,999999,0.649,0.03,0,0.173,0.03,0,0.822,0.03,0,1e+20,1e+20,999999,1e+20,1e+20,999999,1e+20,1e+20,999999,4,M1 V,999999,0,1,3724.0,18.0,-18.0,0,2,4.68,0.01,-0.01,0,1,0.2,0.091,-0.091,0,1,[Fe/H],1e+20,1e+20,1e+20,999999,1,0.57,0.01,-0.01,0,2,0.57,0.02,-0.03,0,1,4.36,0.15,-0.15,0,1,8.1,4.3,-4.3,999999,1,1e+20,1e+20,1e+20,999999,0,1e+20,1e+20,999999,0,1e+20,999999,999999,0,1e+20,999999,999999,0,0,0,0,0,0,3,0,N/A,N/A,N/A,HATS-6 b,HATS-6,b,1,1,0,3,Transit,2015,Hartman et al. 2015,2015-05,HATSouth,0.18 m Takahashi Epsilon Astrograph,Apogee 4K CCD Sensor,Ground,Hartman et al. 2015,1,0,0,1,0,0,0,0,0,0,http://exoplanet.eu/catalog/hats-6_b/,N/A,3.3252725,2.1e-06,-2.1e-06,0,1,0.03623,0.00042,-0.00057,0,1,88.21,0.084,-0.084,0,1,1e+20,1e+20,1e+20,999999,0,0.0,1e+20,1e+20,0,1,1e+20,1e+20,1e+20,999999,0,63.0,14.0,-14.0,0,1,999999,999999,999999,999999,999999,999999,1e+20,1e+20,1e+20,999999,1e+20,1e+20,1e+20,999999,0,0.319,0.07,-0.07,0,101.38777,22.2481,-22.2481,0,1,0.319,0.07,-0.07,0,101.38777,22.2481,-22.2481,0,1,Mass,0.998,0.019,-0.019,0,11.187,0.213,-0.213,0,0.103,0.002,-0.002,0,1,0.399,0.089,-0.089,0,1,713,5,-5,0,1,1e+20,1e+20,1e+20,999999,0,3.23,0.03,-0.03,0,1,0.08504,0.00045,-0.00045,0,1,2456643.74058,8.4e-05,-8.4e-05,0,1,BJD,0.427,0.02,-0.021,0,1,1e+20,1e+20,1e+20,999999,0,13.65,0.15,-0.15,0,1,0.17978,0.00077,-0.00077,0,1,999999,999999,999999,999999,999999,999999,999999,25,6,2015-05-14,5.88,0.04,-0.04,0,170.14,1.06,-1.06,0,-2.5,0.0,0,7.3,0.1,0,7.8,0.1,0,14.36,999999,0,0.244,0.0064,-0.0064
gj1214b,258.828837,1.7e-05,17.25525578,1.11e-06,17h15m18.92s,4.96392,1.7e-05,+04d57m50.1s,26.163966,2.4e-05,23.610877,2.2e-05,257.383147,2e-05,27.915249,1.8e-05,2,77.2,5.4,-5.4,0,2,12.95,0.97,-0.85,0,3,590.4,1e+20,0,-794.7,1e+20,0,990.0,1e+20,0,2,-21.1,1.0,-1.0,0,1,1e+20,1e+20,999999,1e+20,1e+20,999999,15.1,0.6,0,1e+20,1e+20,999999,11.52,0.1,0,9.75,0.024,0,9.094,0.024,0,8.782,0.02,0,8.598,0.023,0,8.442,0.021,0,8.254,0.024,0,8.084,0.236,0,1e+20,1e+20,999999,1e+20,1e+20,999999,1e+20,1e+20,999999,1e+20,1e+20,999999,1e+20,1e+20,999999,1e+20,1e+20,999999,1e+20,1e+20,999999,1e+20,1e+20,999999,1e+20,1e+20,999999,1e+20,1e+20,999999,1e+20,1e+20,999999,15.1,0.6,0,V (Johnson),14,1e+20,1e+20,999999,1e+20,1e+20,999999,3.12,0.015,0,1e+20,1e+20,999999,0.656,0.034,0,0.312,0.031,0,0.968,0.031,0,1e+20,1e+20,999999,1e+20,1e+20,999999,1e+20,1e+20,999999,5,M4.5,999999,0,1,3026.0,150.0,-150.0,0,10,4.94,0.01,-0.01,0,10,0.39,0.15,-0.15,0,5,[Fe/H],1e+20,1e+20,1e+20,999999,3,0.22,0.01,-0.01,0,10,0.15,0.01,-0.01,0,7,1e+20,1e+20,1e+20,999999,6,1e+20,1e+20,1e+20,999999,1,2.0,1e+20,1e+20,1,2,1e+20,1e+20,999999,0,1e+20,999999,999999,0,1e+20,999999,999999,0,1,0,0,1,0,3,2,N/A,N/A,N/A,GJ 1214 b,GJ 1214,b,1,1,0,3,Transit,2009,Charbonneau et al. 2009,2009-12,MEarth Project,0.4 m MEarth Telescope,Apogee CCD Sensor,Ground,Harps&oslash;e et al. 2013,1,0,0,1,0,0,0,3,0,0,http://exoplanet.eu/catalog/gj_1214_b/,http://exoplanets.org/detail/GJ_1214_b,1.58040456,1.6e-07,-1.6e-07,0,13,0.01411,0.00032,-0.00032,0,1,88.17,0.54,-0.54,0,11,1e+20,1e+20,1e+20,999999,0,1e+20,1e+20,1e+20,999999,3,1e+20,1e+20,1e+20,999999,1,12.2,1.6,-1.6,0,4,999999,999999,999999,999999,999999,999999,1e+20,1e+20,1e+20,999999,1e+20,1e+20,1e+20,999999,0,0.0197,0.0027,-0.0027,0,6.26125,0.85814,-0.85814,0,5,0.0197,0.0027,-0.0027,0,6.26125,0.85814,-0.85814,0,5,Mass,0.254,0.018,-0.018,0,2.847,0.202,-0.202,0,0.026,0.002,-0.002,0,7,1.49,0.33,-0.33,0,5,999999,999999,999999,999999,3,1e+20,1e+20,1e+20,999999,0,1e+20,1e+20,1e+20,999999,0,1e+20,1e+20,1e+20,999999,4,2455320.535733,2.1e-05,-2.1e-05,0,12,BJD-TDB,1e+20,1e+20,1e+20,999999,7,1e+20,1e+20,1e+20,999999,0,14.0,0.8,-0.7,0,12,1e+20,1e+20,1e+20,999999,6,999999,999999,999999,999999,999999,999999,999999,146,30,2015-12-03,68.27,0.17,-0.17,0,14.65,0.04,-0.04,0,580.4,0.5,0,-749.6,0.2,0,948.1,0.3,0,13.009,999999,0,1.09,0.08,-0.08
k218b,172.560455,0.0,11.50403035,0.0,11h30m14.51s,7.588391,0.0,+07d35m18.2s,254.632404,0.0,62.575726,0.0,170.171253,0.0,4.020045,0.0,1,1e+20,1e+20,1e+20,999999,1,34.0,4.0,-4.0,0,2,-80.4,0.1,0,-133.1,0.1,0,155.5,0.1,0,1,0.65,0.0,-0.0,0,1,1e+20,1e+20,999999,15.005,0.06,0,13.496,0.05,0,1e+20,1e+20,999999,1e+20,1e+20,999999,9.763,0.028,0,9.135,0.026,0,8.899,0.019,0,1e+20,1e+20,999999,1e+20,1e+20,999999,1e+20,1e+20,999999,1e+20,1e+20,999999,1e+20,1e+20,999999,1e+20,1e+20,999999,1e+20,1e+20,999999,1e+20,1e+20,999999,1e+20,1e+20,999999,1e+20,1e+20,999999,1e+20,1e+20,999999,1e+20,1e+20,999999,1e+20,1e+20,999999,1e+20,1e+20,999999,1e+20,1e+20,999999,13.496,0.05,0,V (Johnson),10,1e+20,1e+20,999999,1.509,0.078,0,1e+20,1e+20,999999,1e+20,1e+20,999999,0.628,0.038,0,0.236,0.032,0,0.864,0.034,0,1e+20,1e+20,999999,1e+20,1e+20,999999,1e+20,1e+20,999999,4,M2.5 V,999999,0,1,3457.0,39.0,-39.0,0,5,1e+20,1e+20,1e+20,0,1,1e+20,1e+20,1e+20,0,2,N/A,1e+20,1e+20,1e+20,0,0,0.41,0.04,-0.04,0,4,0.36,0.05,-0.05,0,4,1e+20,1e+20,1e+20,0,1,1e+20,1e+20,1e+20,999999,0,1e+20,1e+20,1e+20,999999,0,1e+20,1e+20,999999,0,1e+20,999999,999999,0,1e+20,999999,999999,0,0,0,0,0,0,3,0,N/A,N/A,N/A,K2-18 b,K2-18,b,2,1,0,3,Transit,2015,Montet et al. 2015,2015-03,K2,0.95 m Kepler Telescope,Kepler CCD Array,Space,Cloutier et al. 2017,1,0,0,1,0,0,1,1,0,0,http://exoplanet.eu/catalog/k2-18_b/,N/A,32.93963,0.0001,-0.0001,0,4,0.143,0.006,-0.006,0,4,89.579,0.008,-0.009,0,2,1e+20,1e+20,1e+20,0,0,0.43,1e+20,1e+20,1,2,1e+20,1e+20,1e+20,0,0,3.18,0.71,-0.71,0,1,999999,999999,999999,999999,999999,999999,1e+20,1e+20,1e+20,0,1e+20,1e+20,1e+20,0,0,0.02504,0.00601,-0.00601,0,7.96,1.91,-1.91,0,1,0.02504,0.00601,-0.00601,0,7.96,1.91,-1.91,0,1,Mass,0.212,0.02,-0.02,0,2.38,0.22,-0.22,0,0.022,0.002,-0.002,0,4,3.3,1.2,-1.2,0,1,235,9,-9,0,2,1e+20,1e+20,1e+20,0,2,1e+20,1e+20,1e+20,0,1,1e+20,1e+20,1e+20,0,2,2457264.39157,0.00059,-0.00059,0,4,BJD,1e+20,1e+20,1e+20,0,1,1e+20,1e+20,1e+20,0,0,1e+20,1e+20,1e+20,0,1,1e+20,1e+20,1e+20,0,2,999999,999999,999999,999999,999999,999999,999999,51,10,2017-12-21,26.27,0.05,-0.05,0,38.07,0.08,-0.08,0,-80.4,0.1,0,-133.1,0.1,0,155.5,0.1,0,12.415,999999,0,4.21,0.525,-0.525
lhs1140b,11.24724,1.9e-05,0.749816,1.3e-06,00h44m59.34s,-15.271532,1.7e-05,-15d16m17.5s,115.400369,0.0001,-78.048902,1.9e-05,4.102161,2.5e-05,-18.45158,2.3e-05,2,1e+20,1e+20,1e+20,0,1,12.47,0.42,-0.42,0,2,311.9,1e+20,0,-581.7,1e+20,0,660.0,1e+20,0,2,-13.23,0.6,-0.6,0,1,1e+20,1e+20,999999,1e+20,1e+20,999999,14.18,0.03,0,12.88,0.02,0,11.19,0.02,0,9.612,0.023,0,9.092,0.026,0,8.821,0.024,0,8.606,0.022,0,8.391,0.019,0,8.235,0.022,0,8.133,0.265,0,1e+20,1e+20,999999,1e+20,1e+20,999999,1e+20,1e+20,999999,1e+20,1e+20,999999,1e+20,1e+20,999999,1e+20,1e+20,999999,1e+20,1e+20,999999,1e+20,1e+20,999999,1e+20,1e+20,999999,1e+20,1e+20,999999,1e+20,1e+20,999999,14.18,0.03,0,V (Johnson),13,1e+20,1e+20,999999,1e+20,1e+20,999999,2.93,0.015,0,1e+20,1e+20,999999,0.52,0.035,0,0.271,0.035,0,0.791,0.033,0,1e+20,1e+20,999999,1e+20,1e+20,999999,1e+20,1e+20,999999,4,M4.5 V,999999,0,2,3216.0,39.0,-39.0,0,3,1e+20,1e+20,1e+20,0,0,-0.24,0.1,-0.1,0,2,[Fe/H],-2.356,0.013,-0.013,0,2,0.21,0.0,-0.0,0,2,0.18,0.01,-0.01,0,2,1e+20,1e+20,1e+20,0,0,5.0,1e+20,1e+20,0,2,1e+20,1e+20,1e+20,999999,0,1e+20,1e+20,999999,0,1e+20,999999,999999,0,1e+20,999999,999999,0,0,0,0,0,0,3,0,N/A,N/A,N/A,LHS 1140 b,LHS 1140,b,2,1,0,3,Transit,2017,Dittmann et al. 2017,N/A,MEarth Project,0.4 m MEarth Telescope,Apogee CCD Sensor,Ground,Ment et al. 2018,1,0,0,1,0,0,0,0,0,0,N/A,N/A,24.736959,8e-05,-8e-05,0,2,0.0936,0.0024,-0.0024,0,2,89.89,0.05,-0.03,0,2,1e+20,1e+20,1e+20,0,0,0.06,1e+20,1e+20,1,2,1e+20,1e+20,1e+20,0,0,4.85,0.55,-0.55,0,2,999999,999999,999999,999999,999999,999999,1e+20,1e+20,1e+20,0,1e+20,1e+20,1e+20,0,0,0.02196,0.0028,-0.0028,0,6.98,0.89,-0.89,0,2,0.02196,0.0028,-0.0028,0,6.98,0.89,-0.89,0,2,Mass,0.154,0.003,-0.003,0,1.727,0.032,-0.032,0,0.016,0.0,-0.0,0,2,7.5,1.0,-1.0,0,2,235,5,-5,0,2,0.5,0.03,-0.03,0,2,1e+20,1e+20,1e+20,0,0,1e+20,1e+20,1e+20,0,0,2456915.71154,4e-05,-4e-05,0,2,BJD,1e+20,1e+20,1e+20,0,0,1e+20,1e+20,1e+20,0,0,95.34,1.06,-1.06,0,2,0.0739,8e-05,-8e-05,0,2,999999,999999,999999,999999,999999,999999,999999,39,10,2018-12-06,66.7,0.07,-0.07,0,14.99,0.02,-0.02,0,317.6,0.1,0,-596.6,0.1,0,675.9,0.1,0,12.671,999999,0,7.51,0.318,-0.318
ngts1b,82.714378,0.0,5.51429189,0.0,05h30m51.45s,-36.630787,0.0,-36d37m50.8s,241.19228,0.0,-31.200769,0.0,78.336261,0.0,-59.775435,0.0,1,1e+20,1e+20,1e+20,0,1,224.0,37.0,-44.0,0,2,-32.9,2.0,0,-39.6,1.8,0,51.48,1.88,0,2,97.18,0.01,-0.01,0,1,1e+20,1e+20,999999,16.912,0.077,0,15.524,0.083,0,1e+20,1e+20,999999,1e+20,1e+20,999999,12.702,0.021,0,12.058,0.02,0,11.936,0.026,0,11.81,0.023,0,11.772,0.022,0,11.75,0.184,0,8.833,1e+20,0,1e+20,1e+20,999999,1e+20,1e+20,999999,1e+20,1e+20,999999,1e+20,1e+20,999999,1e+20,1e+20,999999,1e+20,1e+20,999999,1e+20,1e+20,999999,1e+20,1e+20,999999,1e+20,1e+20,999999,1e+20,1e+20,999999,1e+20,1e+20,999999,15.524,0.083,0,V (Johnson),13,1e+20,1e+20,999999,1.388,0.113,0,1e+20,1e+20,999999,1e+20,1e+20,999999,0.644,0.029,0,0.122,0.033,0,0.766,0.033,0,1e+20,1e+20,999999,1e+20,1e+20,999999,1e+20,1e+20,999999,5,M0.5,999999,0,1,3916.0,71.0,-63.0,0,2,4.71,0.23,-0.23,0,1,0.0,1e+20,1e+20,0,1,[M/H],1e+20,1e+20,1e+20,0,1,0.57,0.08,-0.08,0,2,0.62,0.02,-0.06,0,1,4.4,2.4,-1.4,0,1,1e+20,1e+20,1e+20,999999,0,1.0,1e+20,1e+20,1,1,1e+20,1e+20,999999,0,1e+20,999999,999999,0,1e+20,999999,999999,0,0,0,0,0,0,3,0,N/A,N/A,N/A,NGTS-1 b,NGTS-1,b,1,1,0,3,Transit,2017,Bayliss et al. 2017,N/A,Paranal Observatory,20 cm Telescope,Andor Ikon-L Camera,Ground,Bayliss et al. 2017,1,0,0,1,0,0,0,0,0,0,http://exoplanet.eu/catalog/ngts-1_b/,N/A,2.647298,2e-05,-2e-05,0,1,0.0326,0.0047,-0.0045,0,1,85.27,0.61,-0.73,0,1,1e+20,1e+20,1e+20,0,0,0.016,0.023,-0.012,0,1,1e+20,1e+20,1e+20,0,0,166.0,11.0,-11.0,0,1,999999,999999,999999,999999,999999,999999,1e+20,1e+20,1e+20,0,1e+20,1e+20,1e+20,0,0,0.812,0.066,-0.075,0,258.07796,20.97678,-23.83725,0,1,0.812,0.066,-0.075,0,258.07796,20.97678,-23.83725,0,1,Mass,1.33,0.61,-0.33,0,14.908,6.837,-3.699,0,0.137,0.063,-0.034,0,1,0.42,0.59,-0.28,0,1,790,20,-20,0,1,65.3,5.1,-5.1,0,1,1e+20,1e+20,1e+20,0,0,0.05125,0.0016667,-0.0016667,0,1,2457720.659396,0.00062,-0.00062,0,1,BJD,0.9948,0.13,-0.088,0,1,1e+20,1e+20,1e+20,0,0,12.2,0.7,-0.7,0,1,0.239,0.1,-0.054,0,1,999999,999999,999999,999999,999999,999999,999999,24,6,2017-11-09,4.56,0.02,-0.02,0,219.5,1.04,-1.04,0,-31.9,0.0,0,-41.0,0.0,0,52.0,0.0,0,14.866,999999,0,0.145,0.0334,-0.0334
lhs1140c,11.24724,1.9e-05,0.749816,1.3e-06,00h44m59.34s,-15.271532,1.7e-05,-15d16m17.5s,115.400369,0.0001,-78.048902,1.9e-05,4.102161,2.5e-05,-18.45158,2.3e-05,2,1e+20,1e+20,1e+20,0,1,12.47,0.42,-0.42,0,2,311.9,1e+20,0,-581.7,1e+20,0,660.0,1e+20,0,2,-13.23,0.6,-0.6,0,1,1e+20,1e+20,999999,1e+20,1e+20,999999,14.18,0.03,0,12.88,0.02,0,11.19,0.02,0,9.612,0.023,0,9.092,0.026,0,8.821,0.024,0,8.606,0.022,0,8.391,0.019,0,8.235,0.022,0,8.133,0.265,0,1e+20,1e+20,999999,1e+20,1e+20,999999,1e+20,1e+20,999999,1e+20,1e+20,999999,1e+20,1e+20,999999,1e+20,1e+20,999999,1e+20,1e+20,999999,1e+20,1e+20,999999,1e+20,1e+20,999999,1e+20,1e+20,999999,1e+20,1e+20,999999,14.18,0.03,0,V (Johnson),13,1e+20,1e+20,999999,1e+20,1e+20,999999,2.93,0.015,0,1e+20,1e+20,999999,0.52,0.035,0,0.271,0.035,0,0.791,0.033,0,1e+20,1e+20,999999,1e+20,1e+20,999999,1e+20,1e+20,999999,4,M4.5 V,999999,0,2,3216.0,39.0,-39.0,0,3,1e+20,1e+20,1e+20,0,0,-0.24,0.1,-0.1,0,2,[Fe/H],-2.356,0.013,-0.013,0,2,0.21,0.0,-0.0,0,2,0.18,0.01,-0.01,0,2,1e+20,1e+20,1e+20,0,0,5.0,1e+20,1e+20,0,2,1e+20,1e+20,1e+20,999999,0,1e+20,1e+20,999999,0,1e+20,999999,999999,0,1e+20,999999,999999,0,0,0,0,0,0,3,0,N/A,N/A,N/A,LHS 1140 c,LHS 1140,c,2,1,0,3,Transit,2018,Ment et al. 2018,N/A,Multiple Observatories,Multiple Telescopes,Multiple Instruments,Multiple Locales,Ment et al. 2018,1,0,0,1,0,0,0,0,0,0,http://exoplanet.eu/catalog/lhs_1140_c/,N/A,3.777931,3e-06,-3e-06,0,1,0.02675,0.0007,-0.0007,0,1,89.92,0.06,-0.09,0,1,1e+20,1e+20,1e+20,0,0,0.31,1e+20,1e+20,1,1,1e+20,1e+20,1e+20,0,0,2.35,0.49,-0.49,0,1,999999,999999,999999,999999,999999,999999,1e+20,1e+20,1e+20,0,1e+20,1e+20,1e+20,0,0,0.00569,0.00123,-0.00123,0,1.81,0.39,-0.39,0,1,0.00569,0.00123,-0.00123,0,1.81,0.39,-0.39,0,1,Mass,0.114,0.002,-0.002,0,1.282,0.024,-0.024,0,0.012,0.0,-0.0,0,1,4.7,1.1,-1.1,0,1,438,9,-9,0,1,6.16,0.37,-0.37,0,1,1e+20,1e+20,1e+20,0,0,1e+20,1e+20,1e+20,0,0,2458226.843169,2.6e-05,-2.6e-05,0,1,BJD,1e+20,1e+20,1e+20,0,0,1e+20,1e+20,1e+20,0,0,26.57,0.05,-0.05,0,1,0.05486,0.00013,-0.00013,0,1,999999,999999,999999,999999,999999,999999,999999,26,10,2018-12-06,66.7,0.07,-0.07,0,14.99,0.02,-0.02,0,317.6,0.1,0,-596.6,0.1,0,675.9,0.1,0,12.671,999999,0,2.15,0.091,-0.091
gj436b,175.546219,7e-06,11.70308126,4.8e-07,11h42m11.09s,26.70657,4e-06,+26d42m23.7s,210.542041,1.9e-05,74.568904,7e-06,164.773692,8e-06,22.627727,7e-06,4,102.5,0.09,-0.09,0,3,9.76,0.01,-0.01,0,6,895.0,0.1,0,-814.0,0.1,0,1209.9,0.1,0,4,9.6,1e+20,1e+20,0,1,1e+20,1e+20,999999,12.17,0.025,0,10.67,0.01,0,1e+20,1e+20,999999,8.25,0.025,0,6.9,0.024,0,6.319,0.022,0,6.073,0.016,0,6.017,0.11,0,5.69,0.048,0,5.76,0.014,0,5.58,0.039,0,1e+20,1e+20,999999,1e+20,1e+20,999999,1e+20,1e+20,999999,1e+20,1e+20,999999,5.67,0.043,0,5.722,0.667,0,1e+20,1e+20,999999,1e+20,1e+20,999999,1e+20,1e+20,999999,1e+20,1e+20,999999,1e+20,1e+20,999999,10.67,0.01,0,V (Johnson),29,1e+20,1e+20,999999,1.52,0.015,0,2.4,0.015,0,1e+20,1e+20,999999,0.581,0.033,0,0.246,0.027,0,0.827,0.029,0,1e+20,1e+20,999999,1e+20,1e+20,999999,1e+20,1e+20,999999,11,M2.5 V,999999,0,5,3350.0,1e+20,1e+20,999999,9,4.79,0.05,-0.04,0,7,1e+20,1e+20,1e+20,999999,7,N/A,1e+20,1e+20,1e+20,999999,3,0.46,0.02,-0.02,0,8,0.47,0.07,-0.07,0,10,7.0,0.7,-0.66,0,4,1e+20,1e+20,1e+20,999999,3,0.24,0.38,-0.17,0,3,0.726,0.094,0,1,1e+20,999999,999999,0,26.85,999999,0,1,65,27,1,5,32,4,4,N/A,HIP 57087,N/A,GJ 436 b,GJ 436,b,1,1,0,3,Radial Velocity,2004,Butler et al. 2004,2004-12,W. M. Keck Observatory,10 m Keck I Telescope,HIRES Spectrometer,Ground,Turner et al. 2016,1,0,0,1,0,0,0,0,0,0,http://exoplanet.eu/catalog/gj_436_b/,http://exoplanets.org/detail/GJ_436_b,2.64388312,5.7e-07,-5.7e-07,0,16,0.0291,0.0015,-0.0015,0,13,86.44,0.17,-0.16,0,6,2455959.0,1e+20,1e+20,0,5,0.13827,0.00018,-0.00018,0,10,351.0,0.03,-0.03,0,8,17.09,0.22,-0.22,0,9,999999,999999,999999,999999,999999,999999,1e+20,1e+20,1e+20,999999,1e+20,1e+20,1e+20,999999,5,0.07,0.007,-0.007,0,23.1,0.8,-0.8,0,8,0.07,0.007,-0.007,0,22.1,2.3,-2.3,0,13,Mass,0.372,0.015,-0.015,0,4.191,0.109,-0.109,0,0.038,0.002,-0.002,0,9,1.8,0.29,-0.29,0,5,999999,999999,999999,999999,4,1e+20,1e+20,1e+20,999999,0,1e+20,1e+20,1e+20,999999,2,1e+20,1e+20,1e+20,999999,4,2454510.80162,7e-05,-7e-05,0,8,BJD-TDB,0.736,0.042,-0.041,0,7,1e+20,1e+20,1e+20,999999,0,13.73,0.46,-0.43,0,6,0.0822,0.001,-0.0011,0,8,999999,999999,999999,999999,999999,999999,999999,184,47,2015-02-05,102.5,0.09,-0.09,0,9.76,0.01,-0.01,0,895.0,0.1,0,-814.0,0.1,0,1209.9,0.1,0,9.571,999999,0,2.98,0.154,-0.154
gj1132b,153.715737,1.7e-05,10.2477158,1.11e-06,10h14m51.78s,-47.156727,1.7e-05,-47d09m24.2s,277.259427,1.9e-05,7.760276,2e-05,181.445562,3.1e-05,-52.418931,2e-05,2,83.07,1.69,-1.69,0,2,12.04,0.24,-0.24,0,2,-934.3,1e+20,0,327.4,1e+20,0,990.0,1e+20,0,2,35.08,0.0,-0.0,0,2,16.51,0.03,0,15.17,0.03,0,13.49,0.03,0,12.26,0.02,0,10.69,0.02,0,9.245,0.026,0,8.666,0.031,0,8.322,0.027,0,8.17,0.023,0,8.0,0.02,0,7.862,0.018,0,7.916,0.184,0,1e+20,1e+20,999999,1e+20,1e+20,999999,1e+20,1e+20,999999,1e+20,1e+20,999999,1e+20,1e+20,999999,1e+20,1e+20,999999,1e+20,1e+20,999999,1e+20,1e+20,999999,1e+20,1e+20,999999,1e+20,1e+20,999999,1e+20,1e+20,999999,13.49,0.03,0,V (Johnson),13,1e+20,1e+20,999999,1.68,0.04,0,1e+20,1e+20,999999,1e+20,1e+20,999999,0.579,0.04,0,0.344,0.041,0,0.923,0.037,0,1e+20,1e+20,999999,1e+20,1e+20,999999,1e+20,1e+20,999999,4,M4.5 V,999999,0,2,3270.0,140.0,-140.0,0,3,1e+20,1e+20,1e+20,0,1,1e+20,1e+20,1e+20,0,1,N/A,-2.359,0.032,-0.035,0,2,0.21,0.01,-0.01,0,3,0.18,0.02,-0.02,0,3,1e+20,1e+20,1e+20,0,2,1e+20,1e+20,1e+20,0,1,2.0,1e+20,1e+20,1,1,1e+20,1e+20,999999,0,1e+20,999999,999999,0,1e+20,999999,999999,0,0,0,0,0,0,3,0,N/A,N/A,N/A,GJ 1132 b,GJ 1132,b,2,1,0,3,Transit,2015,Berta-Thompson et al. 2015,2015-11,Cerro Tololo Inter-American Observatory,MEarth-South telescope array,Apogee CCD Sensor,Ground,Bonfils et al. 2018,1,0,0,1,0,0,0,2,0,0,http://exoplanet.eu/catalog/gj_1132_b/,N/A,1.628931,2.7e-05,-2.7e-05,0,3,0.0153,0.0005,-0.0005,0,2,1e+20,1e+20,1e+20,0,1,1e+20,1e+20,1e+20,0,0,0.22,1e+20,1e+20,1,2,1e+20,1e+20,1e+20,0,0,2.85,0.34,-0.34,0,3,999999,999999,999999,999999,999999,999999,0.00522,0.00072,-0.00072,0,1.66,0.23,-0.23,0,1,0.00522,0.00072,-0.00072,0,1.66,0.23,-0.23,0,4,0.00522,0.00072,-0.00072,0,1.66,0.23,-0.23,0,5,Mass,1e+20,0.0,0.0,0,1.43,0.16,-0.16,0,1e+20,1e+20,1e+20,0,2,6.3,1.3,-1.3,0,3,529,9,-9,0,3,1e+20,1e+20,1e+20,0,0,1e+20,1e+20,1e+20,0,0,1e+20,1e+20,1e+20,0,0,1e+20,1e+20,1e+20,0,2,N/A,1e+20,1e+20,1e+20,0,1,1e+20,1e+20,1e+20,0,0,1e+20,1e+20,1e+20,0,1,1e+20,1e+20,1e+20,0,2,999999,999999,999999,999999,999999,999999,999999,46,12,2018-06-21,79.25,0.04,-0.04,0,12.62,0.01,-0.01,0,-1054.0,0.1,0,414.3,0.1,0,1132.5,0.1,0,12.138,999999,0,1.27,0.049,-0.049
kepler32b,297.842398,1.7e-05,19.85615987,1.11e-06,19h51m22.18s,46.574281,1.7e-05,+46d34m27.4s,80.539115,2e-05,9.962315,1.8e-05,320.063641,4.2e-05,65.246732,2e-05,2,1e+20,1e+20,1e+20,0,1,303.0,14.0,-14.0,0,4,-8.0,1e+20,0,20.0,1e+20,0,21.5,1e+20,0,2,-32.5,0.5,-0.5,0,1,1e+20,1e+20,999999,1e+20,1e+20,999999,16.452,1e+20,0,1e+20,1e+20,999999,1e+20,1e+20,999999,13.616,0.023,0,12.901,0.024,0,12.757,0.024,0,12.57,0.023,0,12.6,0.024,0,12.55,0.357,0,9.418,1e+20,-1,1e+20,1e+20,999999,1e+20,1e+20,999999,1e+20,1e+20,999999,1e+20,1e+20,999999,1e+20,1e+20,999999,1e+20,1e+20,999999,1e+20,1e+20,999999,1e+20,1e+20,999999,1e+20,1e+20,999999,1e+20,1e+20,999999,1e+20,1e+20,999999,16.452,1e+20,0,V (Johnson),15,1e+20,1e+20,999999,1e+20,1e+20,999999,1e+20,1e+20,999999,1e+20,1e+20,999999,0.715,0.033,0,0.144,0.034,0,0.859,0.033,0,1e+20,1e+20,999999,1e+20,1e+20,999999,1e+20,1e+20,999999,5,M1 V,999999,0,2,3900.0,200.0,-200.0,0,10,4.64,0.3,-0.3,0,5,0.0,0.4,-0.4,0,6,[Fe/H],1e+20,1e+20,1e+20,999999,2,0.53,0.04,-0.04,0,11,0.58,0.05,-0.05,0,7,1e+20,1e+20,1e+20,999999,0,1e+20,1e+20,1e+20,999999,2,1e+20,1e+20,1e+20,999999,0,1e+20,1e+20,999999,0,1e+20,999999,999999,0,1e+20,999999,999999,0,0,0,0,0,0,3,0,N/A,N/A,N/A,Kepler-32 b,Kepler-32,b,5,1,0,3,Transit,2011,Fabrycky et al. 2012,2012-05,Kepler,0.95 m Kepler Telescope,Kepler CCD Array,Space,Hadden et al. 2014,0,0,0,1,1,1,0,1,0,0,http://exoplanet.eu/catalog/kepler-32_b/,http://exoplanets.org/detail/Kepler-32_b,5.90124,0.0001,-0.0001,0,8,0.05,1e+20,1e+20,0,3,1e+20,1e+20,1e+20,999999,0,1e+20,1e+20,1e+20,999999,0,1e+20,1e+20,1e+20,999999,0,1e+20,1e+20,1e+20,999999,0,1e+20,1e+20,1e+20,999999,0,999999,999999,999999,999999,999999,999999,1e+20,1e+20,1e+20,999999,1e+20,1e+20,1e+20,999999,0,4.1,1e+20,1e+20,1,9.4,3.6,-3.1,0,2,4.1,0.0,0.0,1,1303.0,1e+20,1e+20,1,2,Mass,0.196,0.018,-0.018,0,2.231,0.074,-0.07,0,0.02,0.002,-0.002,0,9,1e+20,1e+20,1e+20,999999,0,999999,999999,999999,999999,2,1e+20,1e+20,1e+20,999999,4,0.165,1e+20,1e+20,0,2,0.088,0.005,-0.005,0,3,2454974.902,0.008,-0.008,0,4,BJD,1e+20,1e+20,1e+20,999999,1,1e+20,1e+20,1e+20,999999,0,1e+20,1e+20,1e+20,999999,1,0.0389,0.0019,-0.0019,0,4,999999,999999,999999,999999,999999,999999,999999,86,18,2016-03-24,3.06,0.03,-0.03,0,326.85,3.44,-3.44,0,-13.6,0.1,0,19.6,0.1,0,23.9,0.1,0,15.812,999999,0,0.165,0.0076,-0.0076
kepler32c,297.842398,1.7e-05,19.85615987,1.11e-06,19h51m22.18s,46.574281,1.7e-05,+46d34m27.4s,80.539115,2e-05,9.962315,1.8e-05,320.063641,4.2e-05,65.246732,2e-05,2,1e+20,1e+20,1e+20,0,1,303.0,14.0,-14.0,0,4,-8.0,1e+20,0,20.0,1e+20,0,21.5,1e+20,0,2,-32.5,0.5,-0.5,0,1,1e+20,1e+20,999999,1e+20,1e+20,999999,16.452,1e+20,0,1e+20,1e+20,999999,1e+20,1e+20,999999,13.616,0.023,0,12.901,0.024,0,12.757,0.024,0,12.57,0.023,0,12.6,0.024,0,12.55,0.357,0,9.418,1e+20,-1,1e+20,1e+20,999999,1e+20,1e+20,999999,1e+20,1e+20,999999,1e+20,1e+20,999999,1e+20,1e+20,999999,1e+20,1e+20,999999,1e+20,1e+20,999999,1e+20,1e+20,999999,1e+20,1e+20,999999,1e+20,1e+20,999999,1e+20,1e+20,999999,16.452,1e+20,0,V (Johnson),15,1e+20,1e+20,999999,1e+20,1e+20,999999,1e+20,1e+20,999999,1e+20,1e+20,999999,0.715,0.033,0,0.144,0.034,0,0.859,0.033,0,1e+20,1e+20,999999,1e+20,1e+20,999999,1e+20,1e+20,999999,5,M1 V,999999,0,2,3900.0,200.0,-200.0,0,10,4.64,0.3,-0.3,0,5,0.0,0.4,-0.4,0,6,[Fe/H],1e+20,1e+20,1e+20,999999,2,0.53,0.04,-0.04,0,11,0.58,0.05,-0.05,0,7,1e+20,1e+20,1e+20,999999,0,1e+20,1e+20,1e+20,999999,2,1e+20,1e+20,1e+20,999999,0,1e+20,1e+20,999999,0,1e+20,999999,999999,0,1e+20,999999,999999,0,0,0,0,0,0,3,0,N/A,N/A,N/A,Kepler-32 c,Kepler-32,c,5,1,0,3,Transit,2011,Fabrycky et al. 2012,2012-05,Kepler,0.95 m Kepler Telescope,Kepler CCD Array,Space,Hadden et al. 2014,0,0,0,1,1,1,0,1,0,0,http://exoplanet.eu/catalog/kepler-32_c/,http://exoplanets.org/detail/Kepler-32_c,8.7522,0.0003,-0.0003,0,8,0.09,1e+20,1e+20,0,3,1e+20,1e+20,1e+20,999999,0,1e+20,1e+20,1e+20,999999,0,1e+20,1e+20,1e+20,999999,0,1e+20,1e+20,1e+20,999999,0,1e+20,1e+20,1e+20,999999,0,999999,999999,999999,999999,999999,999999,1e+20,1e+20,1e+20,999999,1e+20,1e+20,1e+20,999999,0,0.5,1e+20,1e+20,1,7.7,5.0,-3.8,0,2,0.5,0.0,0.0,1,158.9,1e+20,1e+20,1,2,Mass,0.178,0.018,-0.018,0,2.112,0.078,-0.064,0,0.018,0.002,-0.002,0,9,1e+20,1e+20,1e+20,999999,0,999999,999999,999999,999999,2,1e+20,1e+20,1e+20,999999,4,0.1453,1e+20,1e+20,0,2,0.097,0.01,-0.01,0,3,2454977.378,0.013,-0.013,0,4,BJD,1e+20,1e+20,1e+20,999999,1,1e+20,1e+20,1e+20,999999,0,1e+20,1e+20,1e+20,999999,1,0.0352,0.0033,-0.0033,0,4,999999,999999,999999,999999,999999,999999,999999,86,18,2016-03-24,3.06,0.03,-0.03,0,326.85,3.44,-3.44,0,-13.6,0.1,0,19.6,0.1,0,23.9,0.1,0,15.812,999999,0,0.297,0.0137,-0.0137
gj3470b,119.774349,1.7e-05,7.9849566,1.11e-06,07h59m05.84s,15.391492,1.7e-05,+15d23m29.4s,206.235418,2.3e-05,21.757602,2.1e-05,118.731056,1.9e-05,-5.127428,2e-05,1,1e+20,1e+20,1e+20,0,2,25.2,2.9,-2.9,0,4,-181.6,1e+20,0,-48.7,1e+20,0,188.0,1e+20,0,2,26.52,0.0,-0.0,0,2,1e+20,1e+20,999999,1e+20,1e+20,999999,12.33,0.012,0,1e+20,1e+20,999999,10.08,0.013,0,8.794,0.025,0,8.206,0.022,0,7.989,0.022,0,7.807,0.027,0,7.783,0.02,0,7.683,0.02,0,7.786,0.215,0,1e+20,1e+20,999999,1e+20,1e+20,999999,1e+20,1e+20,999999,1e+20,1e+20,999999,1e+20,1e+20,999999,1e+20,1e+20,999999,1e+20,1e+20,999999,1e+20,1e+20,999999,1e+20,1e+20,999999,1e+20,1e+20,999999,1e+20,1e+20,999999,12.33,0.012,0,V (Johnson),10,1e+20,1e+20,999999,1e+20,1e+20,999999,2.25,0.006,0,1e+20,1e+20,999999,0.588,0.033,0,0.217,0.031,0,0.805,0.033,0,1e+20,1e+20,999999,1e+20,1e+20,999999,1e+20,1e+20,999999,4,M1.5,999999,0,2,3652.0,50.0,-50.0,0,5,4.78,0.12,-0.12,0,4,0.18,0.08,-0.08,0,3,[Fe/H],1e+20,1e+20,1e+20,999999,1,0.48,0.04,-0.04,0,5,0.51,0.06,-0.06,0,5,6.51,1.55,-1.55,0,4,2.5,1.5,-1.5,999999,2,1e+20,1e+20,1e+20,999999,0,1e+20,1e+20,999999,0,1e+20,999999,999999,0,1e+20,999999,999999,0,1,0,0,1,0,3,0,N/A,N/A,N/A,GJ 3470 b,GJ 3470,b,1,1,0,3,Radial Velocity,2012,Bonfils et al. 2012,2012-10,La Silla Observatory,3.6 m ESO Telescope,HARPS Spectrograph,Ground,Awiphan et al. 2016,1,0,0,1,0,0,0,1,0,0,http://exoplanet.eu/catalog/gj_3470_b/,http://exoplanets.org/detail/GJ_3470_b,3.3366487,4.3e-06,-3.3e-06,0,8,0.031,0.0028,-0.0028,0,5,88.88,0.62,-0.45,0,6,1e+20,1e+20,1e+20,999999,0,0.017,0.016,-0.012,0,2,1.7,0.96,-1.2,0,1,1e+20,1e+20,1e+20,999999,3,999999,999999,999999,999999,999999,999999,1e+20,1e+20,1e+20,999999,1e+20,1e+20,1e+20,999999,0,0.043,0.005,-0.005,0,13.9,1.5,-1.5,0,5,0.043,0.005,-0.005,0,13.73,1.61,-1.61,0,5,Mass,0.346,0.029,-0.029,0,4.57,0.18,-0.18,0,0.036,0.003,-0.003,0,5,1.18,0.33,-0.33,0,5,604,98,-98,0,3,1e+20,1e+20,1e+20,999999,0,1e+20,1e+20,1e+20,999999,1,1e+20,1e+20,1e+20,999999,2,2455983.70472,0.00021,-0.00021,0,8,BJD-TDB,0.29,0.14,-0.14,0,4,1e+20,1e+20,1e+20,999999,0,13.94,0.44,-0.49,0,6,0.07642,0.00037,-0.00037,0,4,999999,999999,999999,999999,999999,999999,999999,97,16,2014-07-23,33.96,0.06,-0.06,0,29.45,0.05,-0.05,0,-185.7,0.1,0,-57.3,0.1,0,194.4,0.1,0,11.354,999999,0,1.23,0.18,-0.18
trappist1b,346.622013,3.6e-05,23.1081342,2.41e-06,23h06m29.28s,-5.041274,3.6e-05,-05d02m28.6s,69.71242,9.3e-05,-56.644239,5.1e-05,345.73367,4.7e-05,0.633538,4.7e-05,2,1e+20,1e+20,1e+20,0,1,12.1,0.4,-0.4,0,2,930.9,0.2,0,-479.4,0.2,0,1047.1,0.2,0,1,1e+20,1e+20,1e+20,999999,0,1e+20,1e+20,999999,1e+20,1e+20,999999,18.8,0.08,0,16.47,0.07,0,14.0,0.1,0,11.354,0.018,0,10.718,0.02,0,10.296,0.021,0,1e+20,1e+20,999999,1e+20,1e+20,999999,1e+20,1e+20,999999,1e+20,1e+20,999999,1e+20,1e+20,999999,1e+20,1e+20,999999,1e+20,1e+20,999999,1e+20,1e+20,999999,1e+20,1e+20,999999,1e+20,1e+20,999999,1e+20,1e+20,999999,1e+20,1e+20,999999,1e+20,1e+20,999999,1e+20,1e+20,999999,1e+20,1e+20,999999,18.8,0.08,0,V (Johnson),8,1e+20,1e+20,999999,1e+20,1e+20,999999,1e+20,1e+20,999999,1e+20,1e+20,999999,0.636,0.027,0,0.422,0.029,0,1.058,0.028,0,1e+20,1e+20,999999,1e+20,1e+20,999999,1e+20,1e+20,999999,3,N/A,999999,999999,0,2559.0,50.0,-50.0,0,3,1e+20,1e+20,1e+20,999999,0,0.04,0.08,-0.08,0,2,[Fe/H],-3.281,0.027,-0.029,0,2,0.12,0.0,-0.0,0,2,0.08,0.01,-0.01,0,2,71.5,1.7,-3.1,0,2,1e+20,1e+20,1e+20,999999,1,1e+20,1e+20,1e+20,999999,0,1e+20,1e+20,999999,0,1e+20,999999,999999,0,1e+20,999999,999999,0,0,0,0,0,0,3,0,N/A,N/A,N/A,TRAPPIST-1 b,TRAPPIST-1,b,7,1,0,3,Transit,2016,Gillon et al. 2016,2016-05,La Silla Observatory,0.60 m Transiting Planets and Planetesimals Small Telescope,TRAPPISTCAM,Ground,Grimm et al. 2018,0,0,0,1,1,0,1,0,0,0,http://exoplanet.eu/catalog/trappist-1_b/,N/A,1.51087081,6e-07,-6e-07,0,2,0.01111,0.00034,-0.00034,0,2,89.65,0.22,-0.27,0,3,1e+20,1e+20,1e+20,999999,0,0.081,1e+20,1e+20,1,2,1e+20,1e+20,1e+20,999999,0,1e+20,1e+20,1e+20,999999,0,999999,999999,999999,999999,999999,999999,1e+20,1e+20,1e+20,999999,1e+20,1e+20,1e+20,999999,0,0.00267,0.00227,-0.00227,0,1.017,0.143,-0.154,0,1,0.00267,0.00227,-0.00227,0,0.85,0.72,-0.72,0,1,Mass,0.097,0.003,-0.003,0,1.121,0.032,-0.031,0,0.01,0.0,-0.0,0,2,3.6,3.1,-3.1,0,1,400,8,-8,0,3,4.25,0.33,-0.33,0,2,0.7266,0.0088,-0.0088,0,3,0.0252792,0.0001167,-0.0001167,0,3,2457322.51736,0.0001,-0.0001,0,3,BJD-TDB,0.126,0.092,-0.078,0,2,1e+20,1e+20,1e+20,999999,0,20.5,0.16,-0.31,0,2,1e+20,1e+20,1e+20,999999,0,999999,999999,999999,999999,999999,999999,999999,45,9,2017-02-22,80.45,0.12,-0.12,0,12.43,0.02,-0.02,0,930.9,0.2,0,-479.4,0.2,0,1047.1,0.2,0,15.645,999999,0,0.918,0.0414,-0.0414
trappist1c,346.622013,3.6e-05,23.1081342,2.41e-06,23h06m29.28s,-5.041274,3.6e-05,-05d02m28.6s,69.71242,9.3e-05,-56.644239,5.1e-05,345.73367,4.7e-05,0.633538,4.7e-05,2,1e+20,1e+20,1e+20,0,1,12.1,0.4,-0.4,0,2,930.9,0.2,0,-479.4,0.2,0,1047.1,0.2,0,1,1e+20,1e+20,1e+20,999999,0,1e+20,1e+20,999999,1e+20,1e+20,999999,18.8,0.08,0,16.47,0.07,0,14.0,0.1,0,11.354,0.018,0,10.718,0.02,0,10.296,0.021,0,1e+20,1e+20,999999,1e+20,1e+20,999999,1e+20,1e+20,999999,1e+20,1e+20,999999,1e+20,1e+20,999999,1e+20,1e+20,999999,1e+20,1e+20,999999,1e+20,1e+20,999999,1e+20,1e+20,999999,1e+20,1e+20,999999,1e+20,1e+20,999999,1e+20,1e+20,999999,1e+20,1e+20,999999,1e+20,1e+20,999999,1e+20,1e+20,999999,18.8,0.08,0,V (Johnson),8,1e+20,1e+20,999999,1e+20,1e+20,999999,1e+20,1e+20,999999,1e+20,1e+20,999999,0.636,0.027,0,0.422,0.029,0,1.058,0.028,0,1e+20,1e+20,999999,1e+20,1e+20,999999,1e+20,1e+20,999999,3,N/A,999999,999999,0,2559.0,50.0,-50.0,0,3,1e+20,1e+20,1e+20,999999,0,0.04,0.08,-0.08,0,2,[Fe/H],-3.281,0.027,-0.029,0,2,0.12,0.0,-0.0,0,2,0.08,0.01,-0.01,0,2,71.5,1.7,-3.1,0,2,1e+20,1e+20,1e+20,999999,1,1e+20,1e+20,1e+20,999999,0,1e+20,1e+20,999999,0,1e+20,999999,999999,0,1e+20,999999,999999,0,0,0,0,0,0,3,0,N/A,N/A,N/A,TRAPPIST-1 c,TRAPPIST-1,c,7,1,0,3,Transit,2016,Gillon et al. 2016,2016-05,La Silla Observatory,0.60 m Transiting Planets and Planetesimals Small Telescope,TRAPPISTCAM,Ground,Grimm et al. 2018,0,0,0,1,1,0,1,0,0,0,http://exoplanet.eu/catalog/trappist-1_c/,N/A,2.4218233,1.7e-06,-1.7e-06,0,2,0.01521,0.00047,-0.00047,0,2,89.67,0.17,-0.17,0,3,1e+20,1e+20,1e+20,999999,0,0.083,1e+20,1e+20,1,2,1e+20,1e+20,1e+20,999999,0,1e+20,1e+20,1e+20,999999,0,999999,999999,999999,999999,999999,999999,1e+20,1e+20,1e+20,999999,1e+20,1e+20,1e+20,999999,0,0.00434,0.00192,-0.00192,0,1.156,0.131,-0.142,0,1,0.00434,0.00192,-0.00192,0,1.38,0.61,-0.61,0,1,Mass,0.094,0.003,-0.003,0,1.095,0.031,-0.03,0,0.01,0.0,-0.0,0,2,6.45,2.92,-2.92,0,1,342,7,-7,0,3,2.27,0.18,-0.18,0,2,0.687,0.01,-0.01,0,3,0.029425,0.0001542,-0.0001542,0,3,2457282.80728,0.00019,-0.00019,0,3,BJD-TDB,0.161,0.076,-0.084,0,2,1e+20,1e+20,1e+20,999999,0,28.08,0.22,-0.42,0,2,1e+20,1e+20,1e+20,999999,0,999999,999999,999999,999999,999999,999999,999999,45,9,2017-02-22,80.45,0.12,-0.12,0,12.43,0.02,-0.02,0,930.9,0.2,0,-479.4,0.2,0,1047.1,0.2,0,15.645,999999,0,1.26,0.057,-0.057
trappist1d,346.622013,3.6e-05,23.1081342,2.41e-06,23h06m29.28s,-5.041274,3.6e-05,-05d02m28.6s,69.71242,9.3e-05,-56.644239,5.1e-05,345.73367,4.7e-05,0.633538,4.7e-05,2,1e+20,1e+20,1e+20,0,1,12.1,0.4,-0.4,0,2,930.9,0.2,0,-479.4,0.2,0,1047.1,0.2,0,1,1e+20,1e+20,1e+20,999999,0,1e+20,1e+20,999999,1e+20,1e+20,999999,18.8,0.08,0,16.47,0.07,0,14.0,0.1,0,11.354,0.018,0,10.718,0.02,0,10.296,0.021,0,1e+20,1e+20,999999,1e+20,1e+20,999999,1e+20,1e+20,999999,1e+20,1e+20,999999,1e+20,1e+20,999999,1e+20,1e+20,999999,1e+20,1e+20,999999,1e+20,1e+20,999999,1e+20,1e+20,999999,1e+20,1e+20,999999,1e+20,1e+20,999999,1e+20,1e+20,999999,1e+20,1e+20,999999,1e+20,1e+20,999999,1e+20,1e+20,999999,18.8,0.08,0,V (Johnson),8,1e+20,1e+20,999999,1e+20,1e+20,999999,1e+20,1e+20,999999,1e+20,1e+20,999999,0.636,0.027,0,0.422,0.029,0,1.058,0.028,0,1e+20,1e+20,999999,1e+20,1e+20,999999,1e+20,1e+20,999999,3,N/A,999999,999999,0,2559.0,50.0,-50.0,0,3,1e+20,1e+20,1e+20,999999,0,0.04,0.08,-0.08,0,2,[Fe/H],-3.281,0.027,-0.029,0,2,0.12,0.0,-0.0,0,2,0.08,0.01,-0.01,0,2,71.5,1.7,-3.1,0,2,1e+20,1e+20,1e+20,999999,1,1e+20,1e+20,1e+20,999999,0,1e+20,1e+20,999999,0,1e+20,999999,999999,0,1e+20,999999,999999,0,0,0,0,0,0,3,0,N/A,N/A,N/A,TRAPPIST-1 d,TRAPPIST-1,d,7,1,0,3,Transit,2016,Gillon et al. 2016,2016-05,La Silla Observatory,0.60 m Transiting Planets and Planetesimals Small Telescope,TRAPPISTCAM,Ground,Grimm et al. 2018,0,0,0,1,1,0,1,2,0,0,http://exoplanet.eu/catalog/trappist-1_d/,N/A,4.04961,6.3e-05,-6.3e-05,0,1,0.02144,0.00066,-0.00063,0,1,89.75,0.16,-0.16,0,1,1e+20,1e+20,1e+20,999999,0,0.07,1e+20,1e+20,1,1,1e+20,1e+20,1e+20,999999,0,1e+20,1e+20,1e+20,999999,0,999999,999999,999999,999999,999999,999999,1e+20,1e+20,1e+20,999999,1e+20,1e+20,1e+20,999999,0,0.00129,0.00085,-0.00085,0,0.297,0.035,-0.039,0,1,0.00129,0.00085,-0.00085,0,0.41,0.27,-0.27,0,1,Mass,0.069,0.003,-0.003,0,0.784,0.023,-0.023,0,0.007,0.0,-0.0,0,1,4.9,3.3,-3.3,0,1,288,6,-6,0,1,1.14,0.09,-0.09,0,1,0.367,0.017,-0.017,0,1,0.0341167,0.0004583,-0.0004583,0,1,2457670.14165,0.00035,-0.00035,0,1,BJD-TDB,0.17,0.11,-0.11,0,1,1e+20,1e+20,1e+20,999999,0,39.55,0.3,-0.59,0,1,1e+20,1e+20,1e+20,999999,0,999999,999999,999999,999999,999999,999999,999999,28,8,2017-02-22,80.45,0.12,-0.12,0,12.43,0.02,-0.02,0,930.9,0.2,0,-479.4,0.2,0,1047.1,0.2,0,15.645,999999,0,1.77,0.079,-0.079
trappist1e,346.622013,3.6e-05,23.1081342,2.41e-06,23h06m29.28s,-5.041274,3.6e-05,-05d02m28.6s,69.71242,9.3e-05,-56.644239,5.1e-05,345.73367,4.7e-05,0.633538,4.7e-05,2,1e+20,1e+20,1e+20,0,1,12.1,0.4,-0.4,0,2,930.9,0.2,0,-479.4,0.2,0,1047.1,0.2,0,1,1e+20,1e+20,1e+20,999999,0,1e+20,1e+20,999999,1e+20,1e+20,999999,18.8,0.08,0,16.47,0.07,0,14.0,0.1,0,11.354,0.018,0,10.718,0.02,0,10.296,0.021,0,1e+20,1e+20,999999,1e+20,1e+20,999999,1e+20,1e+20,999999,1e+20,1e+20,999999,1e+20,1e+20,999999,1e+20,1e+20,999999,1e+20,1e+20,999999,1e+20,1e+20,999999,1e+20,1e+20,999999,1e+20,1e+20,999999,1e+20,1e+20,999999,1e+20,1e+20,999999,1e+20,1e+20,999999,1e+20,1e+20,999999,1e+20,1e+20,999999,18.8,0.08,0,V (Johnson),8,1e+20,1e+20,999999,1e+20,1e+20,999999,1e+20,1e+20,999999,1e+20,1e+20,999999,0.636,0.027,0,0.422,0.029,0,1.058,0.028,0,1e+20,1e+20,999999,1e+20,1e+20,999999,1e+20,1e+20,999999,3,N/A,999999,999999,0,2559.0,50.0,-50.0,0,3,1e+20,1e+20,1e+20,999999,0,0.04,0.08,-0.08,0,2,[Fe/H],-3.281,0.027,-0.029,0,2,0.12,0.0,-0.0,0,2,0.08,0.01,-0.01,0,2,71.5,1.7,-3.1,0,2,1e+20,1e+20,1e+20,999999,1,1e+20,1e+20,1e+20,999999,0,1e+20,1e+20,999999,0,1e+20,999999,999999,0,1e+20,999999,999999,0,0,0,0,0,0,3,0,N/A,N/A,N/A,TRAPPIST-1 e,TRAPPIST-1,e,7,1,0,3,Transit,2017,Gillon et al. 2016,N/A,Multiple Observatories,Multiple Telescopes,Multiple Instruments,Multiple Locales,Grimm et al. 2018,0,0,0,1,1,0,1,0,0,0,http://exoplanet.eu/catalog/trappist-1_e/,N/A,6.099615,1.1e-05,-1.1e-05,0,1,0.02817,0.00083,-0.00087,0,1,89.86,0.1,-0.12,0,1,1e+20,1e+20,1e+20,999999,0,0.085,1e+20,1e+20,1,1,1e+20,1e+20,1e+20,999999,0,1e+20,1e+20,1e+20,999999,0,999999,999999,999999,999999,999999,999999,1e+20,1e+20,1e+20,999999,1e+20,1e+20,1e+20,999999,0,0.00195,0.00182,-0.00182,0,0.772,0.075,-0.079,0,1,0.00195,0.00182,-0.00182,0,0.62,0.58,-0.58,0,1,Mass,0.082,0.003,-0.003,0,0.91,0.027,-0.026,0,0.008,0.0,-0.0,0,1,4.4,4.2,-4.2,0,1,251,5,-5,0,1,0.66,0.05,-0.05,0,1,0.519,0.026,-0.026,0,1,0.0397292,0.0005,-0.0005,0,1,2457660.37859,0.00038,-0.00038,0,1,BJD-TDB,0.12,0.11,-0.09,0,1,1e+20,1e+20,1e+20,999999,0,51.97,0.4,-0.77,0,1,1e+20,1e+20,1e+20,999999,0,999999,999999,999999,999999,999999,999999,999999,28,8,2017-02-22,80.45,0.12,-0.12,0,12.43,0.02,-0.02,0,930.9,0.2,0,-479.4,0.2,0,1047.1,0.2,0,15.645,999999,0,2.33,0.104,-0.104
trappist1f,346.622013,3.6e-05,23.1081342,2.41e-06,23h06m29.28s,-5.041274,3.6e-05,-05d02m28.6s,69.71242,9.3e-05,-56.644239,5.1e-05,345.73367,4.7e-05,0.633538,4.7e-05,2,1e+20,1e+20,1e+20,0,1,12.1,0.4,-0.4,0,2,930.9,0.2,0,-479.4,0.2,0,1047.1,0.2,0,1,1e+20,1e+20,1e+20,999999,0,1e+20,1e+20,999999,1e+20,1e+20,999999,18.8,0.08,0,16.47,0.07,0,14.0,0.1,0,11.354,0.018,0,10.718,0.02,0,10.296,0.021,0,1e+20,1e+20,999999,1e+20,1e+20,999999,1e+20,1e+20,999999,1e+20,1e+20,999999,1e+20,1e+20,999999,1e+20,1e+20,999999,1e+20,1e+20,999999,1e+20,1e+20,999999,1e+20,1e+20,999999,1e+20,1e+20,999999,1e+20,1e+20,999999,1e+20,1e+20,999999,1e+20,1e+20,999999,1e+20,1e+20,999999,1e+20,1e+20,999999,18.8,0.08,0,V (Johnson),8,1e+20,1e+20,999999,1e+20,1e+20,999999,1e+20,1e+20,999999,1e+20,1e+20,999999,0.636,0.027,0,0.422,0.029,0,1.058,0.028,0,1e+20,1e+20,999999,1e+20,1e+20,999999,1e+20,1e+20,999999,3,N/A,999999,999999,0,2559.0,50.0,-50.0,0,3,1e+20,1e+20,1e+20,999999,0,0.04,0.08,-0.08,0,2,[Fe/H],-3.281,0.027,-0.029,0,2,0.12,0.0,-0.0,0,2,0.08,0.01,-0.01,0,2,71.5,1.7,-3.1,0,2,1e+20,1e+20,1e+20,999999,1,1e+20,1e+20,1e+20,999999,0,1e+20,1e+20,999999,0,1e+20,999999,999999,0,1e+20,999999,999999,0,0,0,0,0,0,3,0,N/A,N/A,N/A,TRAPPIST-1 f,TRAPPIST-1,f,7,1,0,3,Transit,2017,Gillon et al. 2016,N/A,Multiple Observatories,Multiple Telescopes,Multiple Instruments,Multiple Locales,Grimm et al. 2018,0,0,0,1,1,0,1,0,0,0,http://exoplanet.eu/catalog/trappist-1_f/,N/A,9.20669,1.5e-05,-1.5e-05,0,1,0.0371,0.0011,-0.0011,0,1,89.68,0.034,-0.034,0,1,1e+20,1e+20,1e+20,999999,0,0.063,1e+20,1e+20,1,1,1e+20,1e+20,1e+20,999999,0,1e+20,1e+20,1e+20,999999,0,999999,999999,999999,999999,999999,999999,1e+20,1e+20,1e+20,999999,1e+20,1e+20,1e+20,999999,0,0.00214,0.00057,-0.00057,0,0.934,0.078,-0.08,0,1,0.00214,0.00057,-0.00057,0,0.68,0.18,-0.18,0,1,Mass,0.093,0.003,-0.003,0,1.046,0.03,-0.029,0,0.01,0.0,-0.0,0,1,3.3,0.94,-0.94,0,1,219,4,-4,0,1,0.38,0.03,-0.03,0,1,0.673,0.023,-0.023,0,1,0.0434583,0.0004167,-0.0004167,0,1,2457671.39767,0.00023,-0.00023,0,1,BJD-TDB,0.382,0.035,-0.035,0,1,1e+20,1e+20,1e+20,999999,0,68.4,0.5,-1.0,0,1,1e+20,1e+20,1e+20,999999,0,999999,999999,999999,999999,999999,999999,999999,28,8,2017-02-22,80.45,0.12,-0.12,0,12.43,0.02,-0.02,0,930.9,0.2,0,-479.4,0.2,0,1047.1,0.2,0,15.645,999999,0,3.07,0.136,-0.136
trappist1g,346.622013,3.6e-05,23.1081342,2.41e-06,23h06m29.28s,-5.041274,3.6e-05,-05d02m28.6s,69.71242,9.3e-05,-56.644239,5.1e-05,345.73367,4.7e-05,0.633538,4.7e-05,2,1e+20,1e+20,1e+20,0,1,12.1,0.4,-0.4,0,2,930.9,0.2,0,-479.4,0.2,0,1047.1,0.2,0,1,1e+20,1e+20,1e+20,999999,0,1e+20,1e+20,999999,1e+20,1e+20,999999,18.8,0.08,0,16.47,0.07,0,14.0,0.1,0,11.354,0.018,0,10.718,0.02,0,10.296,0.021,0,1e+20,1e+20,999999,1e+20,1e+20,999999,1e+20,1e+20,999999,1e+20,1e+20,999999,1e+20,1e+20,999999,1e+20,1e+20,999999,1e+20,1e+20,999999,1e+20,1e+20,999999,1e+20,1e+20,999999,1e+20,1e+20,999999,1e+20,1e+20,999999,1e+20,1e+20,999999,1e+20,1e+20,999999,1e+20,1e+20,999999,1e+20,1e+20,999999,18.8,0.08,0,V (Johnson),8,1e+20,1e+20,999999,1e+20,1e+20,999999,1e+20,1e+20,999999,1e+20,1e+20,999999,0.636,0.027,0,0.422,0.029,0,1.058,0.028,0,1e+20,1e+20,999999,1e+20,1e+20,999999,1e+20,1e+20,999999,3,N/A,999999,999999,0,2559.0,50.0,-50.0,0,3,1e+20,1e+20,1e+20,999999,0,0.04,0.08,-0.08,0,2,[Fe/H],-3.281,0.027,-0.029,0,2,0.12,0.0,-0.0,0,2,0.08,0.01,-0.01,0,2,71.5,1.7,-3.1,0,2,1e+20,1e+20,1e+20,999999,1,1e+20,1e+20,1e+20,999999,0,1e+20,1e+20,999999,0,1e+20,999999,999999,0,1e+20,999999,999999,0,0,0,0,0,0,3,0,N/A,N/A,N/A,TRAPPIST-1 g,TRAPPIST-1,g,7,1,0,3,Transit,2017,Gillon et al. 2016,N/A,Multiple Observatories,Multiple Telescopes,Multiple Instruments,Multiple Locales,Grimm et al. 2018,0,0,0,1,1,0,1,0,0,0,http://exoplanet.eu/catalog/trappist-1_g/,N/A,12.35294,0.00012,-0.00012,0,1,0.0451,0.0014,-0.0014,0,1,89.71,0.025,-0.025,0,1,1e+20,1e+20,1e+20,999999,0,0.061,1e+20,1e+20,1,1,1e+20,1e+20,1e+20,999999,0,1e+20,1e+20,1e+20,999999,0,999999,999999,999999,999999,999999,999999,1e+20,1e+20,1e+20,999999,1e+20,1e+20,1e+20,999999,0,0.00422,0.00277,-0.00277,0,1.148,0.095,-0.098,0,1,0.00422,0.00277,-0.00277,0,1.34,0.88,-0.88,0,1,Mass,0.101,0.004,-0.004,0,1.148,0.033,-0.032,0,0.01,0.0,-0.0,0,1,5.2,3.5,-3.5,0,1,199,4,-4,0,1,0.26,0.02,-0.02,0,1,0.782,0.027,-0.027,0,1,0.0475,0.0004583,-0.0004583,0,1,2457665.34937,0.00021,-0.00021,0,1,BJD-TDB,0.421,0.031,-0.031,0,1,1e+20,1e+20,1e+20,999999,0,83.2,0.6,-1.2,0,1,1e+20,1e+20,1e+20,999999,0,999999,999999,999999,999999,999999,999999,999999,28,8,2017-02-22,80.45,0.12,-0.12,0,12.43,0.02,-0.02,0,930.9,0.2,0,-479.4,0.2,0,1047.1,0.2,0,15.645,999999,0,3.73,0.169,-0.169
trappist1h,346.622013,3.6e-05,23.1081342,2.41e-06,23h06m29.28s,-5.041274,3.6e-05,-05d02m28.6s,69.71242,9.3e-05,-56.644239,5.1e-05,345.73367,4.7e-05,0.633538,4.7e-05,2,1e+20,1e+20,1e+20,0,1,12.1,0.4,-0.4,0,2,930.9,0.2,0,-479.4,0.2,0,1047.1,0.2,0,1,1e+20,1e+20,1e+20,999999,0,1e+20,1e+20,999999,1e+20,1e+20,999999,18.8,0.08,0,16.47,0.07,0,14.0,0.1,0,11.354,0.018,0,10.718,0.02,0,10.296,0.021,0,1e+20,1e+20,999999,1e+20,1e+20,999999,1e+20,1e+20,999999,1e+20,1e+20,999999,1e+20,1e+20,999999,1e+20,1e+20,999999,1e+20,1e+20,999999,1e+20,1e+20,999999,1e+20,1e+20,999999,1e+20,1e+20,999999,1e+20,1e+20,999999,1e+20,1e+20,999999,1e+20,1e+20,999999,1e+20,1e+20,999999,1e+20,1e+20,999999,18.8,0.08,0,V (Johnson),8,1e+20,1e+20,999999,1e+20,1e+20,999999,1e+20,1e+20,999999,1e+20,1e+20,999999,0.636,0.027,0,0.422,0.029,0,1.058,0.028,0,1e+20,1e+20,999999,1e+20,1e+20,999999,1e+20,1e+20,999999,3,N/A,999999,999999,0,2559.0,50.0,-50.0,0,3,1e+20,1e+20,1e+20,999999,0,0.04,0.08,-0.08,0,2,[Fe/H],-3.281,0.027,-0.029,0,2,0.12,0.0,-0.0,0,2,0.08,0.01,-0.01,0,2,71.5,1.7,-3.1,0,2,1e+20,1e+20,1e+20,999999,1,1e+20,1e+20,1e+20,999999,0,1e+20,1e+20,999999,0,1e+20,999999,999999,0,1e+20,999999,999999,0,0,0,0,0,0,3,0,N/A,N/A,N/A,TRAPPIST-1 h,TRAPPIST-1,h,7,1,0,3,Transit,2017,Gillon et al. 2016,N/A,Multiple Observatories,Multiple Telescopes,Multiple Instruments,Multiple Locales,Grimm et al. 2018,0,0,0,1,0,0,1,0,0,0,http://exoplanet.eu/catalog/trappist-1_h/,N/A,18.767,0.004,-0.003,0,2,1e+20,1e+20,1e+20,999999,1,89.76,0.05,-0.04,0,2,1e+20,1e+20,1e+20,999999,0,1e+20,1e+20,1e+20,999999,0,1e+20,1e+20,1e+20,999999,0,1e+20,1e+20,1e+20,999999,0,999999,999999,999999,999999,999999,999999,1e+20,1e+20,1e+20,999999,1e+20,1e+20,1e+20,999999,0,1e+20,1e+20,1e+20,999999,0.331,0.049,-0.056,999999,0,1e+20,0.0,0.0,999999,1e+20,1e+20,1e+20,999999,0,N/A,0.067,0.003,-0.003,0,0.773,0.027,-0.026,0,0.007,0.0,-0.0,0,2,1e+20,1e+20,1e+20,999999,0,173,4,-4,0,2,0.17,0.03,-0.03,0,2,0.346,0.018,-0.018,0,2,0.0525,0.0008,-0.0008,0,2,2457662.55284,0.00037,-0.00037,0,2,BJD-TDB,0.45,0.06,-0.08,0,2,1e+20,1e+20,1e+20,999999,0,109.0,4.0,-4.0,0,2,0.0588,0.0016,-0.0016,0,1,999999,999999,999999,999999,999999,999999,999999,36,9,2017-06-15,80.45,0.12,-0.12,0,12.43,0.02,-0.02,0,930.9,0.2,0,-479.4,0.2,0,1047.1,0.2,0,15.645,999999,0,1e+20,1e+20,1e+20
kepler45b,292.8729,1.7e-05,19.52486003,1.11e-06,19h31m29.50s,41.064261,1.7e-05,+41d03m51.3s,73.887113,2.1e-05,10.536517,1.9e-05,307.928864,3.6e-05,61.525524,2e-05,2,1e+20,1e+20,1e+20,0,1,333.0,33.0,-33.0,0,4,6.0,1e+20,0,-20.0,1e+20,0,20.9,1e+20,0,2,1e+20,1e+20,1e+20,999999,0,1e+20,1e+20,999999,1e+20,1e+20,999999,16.88,0.05,0,1e+20,1e+20,999999,1e+20,1e+20,999999,13.749,0.024,0,13.077,0.025,0,12.892,0.029,0,12.805,0.023,0,12.838,0.024,0,12.763,0.447,0,9.09,1e+20,-1,1e+20,1e+20,999999,1e+20,1e+20,999999,1e+20,1e+20,999999,1e+20,1e+20,999999,1e+20,1e+20,999999,1e+20,1e+20,999999,1e+20,1e+20,999999,1e+20,1e+20,999999,1e+20,1e+20,999999,1e+20,1e+20,999999,1e+20,1e+20,999999,16.88,0.05,0,V (Johnson),15,1e+20,1e+20,999999,1e+20,1e+20,999999,1e+20,1e+20,999999,1e+20,1e+20,999999,0.672,0.035,0,0.185,0.038,0,0.857,0.038,0,1e+20,1e+20,999999,1e+20,1e+20,999999,1e+20,1e+20,999999,5,M,999999,999999,2,3820.0,90.0,-90.0,0,10,4.7,0.2,-0.2,0,6,0.28,0.14,-0.14,0,6,[Fe/H],1e+20,1e+20,1e+20,999999,2,0.55,0.11,-0.11,0,10,0.59,0.06,-0.06,0,6,4.0,2.0,-2.0,0,2,0.5,1e+20,1e+20,999999,2,1e+20,1e+20,1e+20,999999,0,1e+20,1e+20,999999,0,1e+20,999999,999999,0,1e+20,999999,999999,0,0,0,0,0,0,3,0,N/A,N/A,N/A,Kepler-45 b,Kepler-45,b,1,1,0,3,Transit,2011,Johnson et al. 2012,2012-05,Kepler,0.95 m Kepler Telescope,Kepler CCD Array,Space,Berger et al. 2018,1,0,0,1,0,1,0,1,0,0,http://exoplanet.eu/catalog/kepler-45_b/,http://exoplanets.org/detail/Kepler-45_b,2.455239,4e-06,-4e-06,0,6,0.03,1e+20,1e+20,0,3,87.0,0.7,-0.7,0,2,1e+20,1e+20,1e+20,999999,0,0.11,0.1,-0.09,0,1,230.0,68.0,-68.0,0,1,110.0,10.0,-10.0,0,2,999999,999999,999999,999999,999999,999999,1e+20,1e+20,1e+20,999999,1e+20,1e+20,1e+20,999999,0,0.505,0.09,-0.09,0,159.0,19.0,-19.0,0,2,0.505,0.09,-0.09,0,160.497,28.604,-28.604,0,2,Mass,0.96,0.11,-0.11,0,11.634,0.369,-0.355,0,0.099,0.011,-0.011,0,7,0.8,0.5,-0.5,0,2,1000,20,-20,0,3,1e+20,1e+20,1e+20,999999,3,3.204,0.072,-0.072,0,2,1e+20,1e+20,1e+20,999999,2,1e+20,1e+20,1e+20,999999,4,BJD-UTC,0.6,0.2,-0.2,0,2,1e+20,1e+20,1e+20,999999,0,10.6,1.0,-1.0,0,3,0.179,0.002,-0.002,0,4,999999,999999,999999,999999,999999,999999,999999,93,16,2014-05-14,2.59,0.04,-0.04,0,386.04,6.47,-6.47,0,4.6,0.1,0,-21.6,0.1,0,22.1,0.1,0,15.98,999999,0,0.0901,0.00893,-0.00893
kepler138b,290.381547,1.7e-05,19.3587698,1.11e-06,19h21m31.57s,43.292973,1.7e-05,+43d17m34.7s,75.107342,2.1e-05,13.172453,1.8e-05,305.665351,3.9e-05,64.22954,2e-05,2,1e+20,1e+20,1e+20,0,1,52.4,3.8,-3.8,0,4,-20.6,0.0,0,22.7,0.0,0,30.7,0.0,0,1,-36.33,0.8,-0.8,0,1,1e+20,1e+20,999999,1e+20,1e+20,999999,1e+20,1e+20,999999,1e+20,1e+20,999999,1e+20,1e+20,999999,10.293,0.022,0,9.68,0.018,0,9.506,0.011,0,9.378,0.023,0,9.355,0.019,0,9.261,0.03,0,9.384,1e+20,-1,1e+20,1e+20,999999,1e+20,1e+20,999999,1e+20,1e+20,999999,1e+20,1e+20,999999,1e+20,1e+20,999999,1e+20,1e+20,999999,1e+20,1e+20,999999,1e+20,1e+20,999999,1e+20,1e+20,999999,1e+20,1e+20,999999,1e+20,1e+20,999999,12.925,1e+20,0,Kepler-band,12,1e+20,1e+20,999999,1e+20,1e+20,999999,1e+20,1e+20,999999,1e+20,1e+20,999999,0.613,0.028,0,0.174,0.021,0,0.787,0.025,0,1e+20,1e+20,999999,1e+20,1e+20,999999,1e+20,1e+20,999999,5,M1 V,999999,0,2,3841.0,49.0,-49.0,0,10,4.89,0.06,-0.06,0,5,-0.28,0.099,-0.099,0,4,[Fe/H],1e+20,1e+20,1e+20,999999,2,0.44,0.02,-0.02,0,10,0.52,0.06,-0.06,0,8,9.5,2.2,-2.2,0,3,1e+20,1e+20,1e+20,999999,1,1e+20,1e+20,1e+20,999999,0,1e+20,1e+20,999999,0,1e+20,999999,999999,0,1e+20,999999,999999,0,0,0,0,0,0,3,0,N/A,N/A,N/A,Kepler-138 b,Kepler-138,b,3,1,0,3,Transit,2014,Rowe et al. 2014,2014-03,Kepler,0.95 m Kepler Telescope,Kepler CCD Array,Space,Berger et al. 2018,0,0,0,1,1,1,0,2,0,0,http://exoplanet.eu/catalog/kepler-138_b/,http://exoplanets.org/detail/Kepler-138_b,10.3126,0.0004,-0.0006,0,5,1e+20,1e+20,1e+20,999999,1,1e+20,1e+20,1e+20,999999,0,1e+20,1e+20,1e+20,999999,0,1e+20,1e+20,1e+20,999999,1,1e+20,1e+20,1e+20,999999,0,1e+20,1e+20,1e+20,999999,0,999999,999999,999999,999999,999999,999999,1e+20,1e+20,1e+20,999999,1e+20,1e+20,1e+20,999999,0,0.00021,0.00019,-0.00012,0,0.066,0.059,-0.037,0,2,0.00021,0.00019,-0.00012,0,0.066,0.059,-0.037,0,2,Mass,0.047,0.003,-0.003,0,0.629,0.03,-0.025,0,0.005,0.0,-0.0,0,7,2.6,2.4,-1.5,0,1,999999,999999,999999,999999,0,6.81,0.84,-0.84,0,3,1e+20,1e+20,1e+20,999999,0,1e+20,1e+20,1e+20,999999,2,2455688.4142,0.0027,-0.0027,0,4,BJD,1e+20,1e+20,1e+20,999999,2,1e+20,1e+20,1e+20,999999,0,1e+20,1e+20,1e+20,999999,0,0.0108,0.0003,-0.0003,0,3,999999,999999,999999,999999,999999,999999,999999,74,17,2015-06-17,14.93,0.02,-0.02,0,66.99,0.11,-0.11,0,-20.6,0.0,0,22.7,0.0,0,30.7,0.0,0,12.472,999999,0,1e+20,1e+20,1e+20
kepler138c,290.381547,1.7e-05,19.3587698,1.11e-06,19h21m31.57s,43.292973,1.7e-05,+43d17m34.7s,75.107342,2.1e-05,13.172453,1.8e-05,305.665351,3.9e-05,64.22954,2e-05,2,1e+20,1e+20,1e+20,0,1,52.4,3.8,-3.8,0,4,-20.6,0.0,0,22.7,0.0,0,30.7,0.0,0,1,-36.33,0.8,-0.8,0,1,1e+20,1e+20,999999,1e+20,1e+20,999999,1e+20,1e+20,999999,1e+20,1e+20,999999,1e+20,1e+20,999999,10.293,0.022,0,9.68,0.018,0,9.506,0.011,0,9.378,0.023,0,9.355,0.019,0,9.261,0.03,0,9.384,1e+20,-1,1e+20,1e+20,999999,1e+20,1e+20,999999,1e+20,1e+20,999999,1e+20,1e+20,999999,1e+20,1e+20,999999,1e+20,1e+20,999999,1e+20,1e+20,999999,1e+20,1e+20,999999,1e+20,1e+20,999999,1e+20,1e+20,999999,1e+20,1e+20,999999,12.925,1e+20,0,Kepler-band,12,1e+20,1e+20,999999,1e+20,1e+20,999999,1e+20,1e+20,999999,1e+20,1e+20,999999,0.613,0.028,0,0.174,0.021,0,0.787,0.025,0,1e+20,1e+20,999999,1e+20,1e+20,999999,1e+20,1e+20,999999,5,M1 V,999999,0,2,3841.0,49.0,-49.0,0,10,4.89,0.06,-0.06,0,5,-0.28,0.099,-0.099,0,4,[Fe/H],1e+20,1e+20,1e+20,999999,2,0.44,0.02,-0.02,0,10,0.52,0.06,-0.06,0,8,9.5,2.2,-2.2,0,3,1e+20,1e+20,1e+20,999999,1,1e+20,1e+20,1e+20,999999,0,1e+20,1e+20,999999,0,1e+20,999999,999999,0,1e+20,999999,999999,0,0,0,0,0,0,3,0,N/A,N/A,N/A,Kepler-138 c,Kepler-138,c,3,1,0,3,Transit,2014,Kipping et al. 2014,2014-03,Kepler,0.95 m Kepler Telescope,Kepler CCD Array,Space,Berger et al. 2018,0,0,0,1,1,1,0,2,0,0,http://exoplanet.eu/catalog/kepler-138_c/,N/A,13.7813,0.0001,-0.0001,0,7,1e+20,1e+20,1e+20,999999,1,1e+20,1e+20,1e+20,999999,0,1e+20,1e+20,1e+20,999999,0,1e+20,1e+20,1e+20,999999,2,1e+20,1e+20,1e+20,999999,1,1e+20,1e+20,1e+20,999999,0,999999,999999,999999,999999,999999,999999,1e+20,1e+20,1e+20,999999,1e+20,1e+20,1e+20,999999,0,0.0062,0.00602,-0.00352,0,1.97,1.912,-1.12,0,3,0.0062,0.00602,-0.00352,0,1.97,1.912,-1.12,0,3,Mass,0.107,0.006,-0.006,0,1.519,0.136,-0.059,0,0.011,0.001,-0.001,0,8,6.2,5.8,-3.4,0,2,999999,999999,999999,999999,1,4.63,0.57,-0.57,0,3,1e+20,1e+20,1e+20,999999,1,1e+20,1e+20,1e+20,999999,2,2455686.1289,0.0005,-0.0005,0,5,BJD,1e+20,1e+20,1e+20,999999,2,1e+20,1e+20,1e+20,999999,0,1e+20,1e+20,1e+20,999999,0,0.0247,0.0005,-0.0005,0,5,999999,999999,999999,999999,999999,999999,999999,86,19,2015-06-17,14.93,0.02,-0.02,0,66.99,0.11,-0.11,0,-20.6,0.0,0,22.7,0.0,0,30.7,0.0,0,12.472,999999,0,1e+20,1e+20,1e+20
kepler138d,290.381547,1.7e-05,19.3587698,1.11e-06,19h21m31.57s,43.292973,1.7e-05,+43d17m34.7s,75.107342,2.1e-05,13.172453,1.8e-05,305.665351,3.9e-05,64.22954,2e-05,2,1e+20,1e+20,1e+20,0,1,52.4,3.8,-3.8,0,4,-20.6,0.0,0,22.7,0.0,0,30.7,0.0,0,1,-36.33,0.8,-0.8,0,1,1e+20,1e+20,999999,1e+20,1e+20,999999,1e+20,1e+20,999999,1e+20,1e+20,999999,1e+20,1e+20,999999,10.293,0.022,0,9.68,0.018,0,9.506,0.011,0,9.378,0.023,0,9.355,0.019,0,9.261,0.03,0,9.384,1e+20,-1,1e+20,1e+20,999999,1e+20,1e+20,999999,1e+20,1e+20,999999,1e+20,1e+20,999999,1e+20,1e+20,999999,1e+20,1e+20,999999,1e+20,1e+20,999999,1e+20,1e+20,999999,1e+20,1e+20,999999,1e+20,1e+20,999999,1e+20,1e+20,999999,12.925,1e+20,0,Kepler-band,12,1e+20,1e+20,999999,1e+20,1e+20,999999,1e+20,1e+20,999999,1e+20,1e+20,999999,0.613,0.028,0,0.174,0.021,0,0.787,0.025,0,1e+20,1e+20,999999,1e+20,1e+20,999999,1e+20,1e+20,999999,5,M1 V,999999,0,2,3841.0,49.0,-49.0,0,10,4.89,0.06,-0.06,0,5,-0.28,0.099,-0.099,0,4,[Fe/H],1e+20,1e+20,1e+20,999999,2,0.44,0.02,-0.02,0,10,0.52,0.06,-0.06,0,8,9.5,2.2,-2.2,0,3,1e+20,1e+20,1e+20,999999,1,1e+20,1e+20,1e+20,999999,0,1e+20,1e+20,999999,0,1e+20,999999,999999,0,1e+20,999999,999999,0,0,0,0,0,0,3,0,N/A,N/A,N/A,Kepler-138 d,Kepler-138,d,3,1,0,3,Transit,2014,Kipping et al. 2014,2014-03,Kepler,0.95 m Kepler Telescope,Kepler CCD Array,Space,Berger et al. 2018,0,0,0,1,1,1,0,2,0,0,http://exoplanet.eu/catalog/kepler-138_d/,N/A,23.0881,0.0009,-0.0008,0,6,1e+20,1e+20,1e+20,999999,1,1e+20,1e+20,1e+20,999999,0,1e+20,1e+20,1e+20,999999,0,1e+20,1e+20,1e+20,999999,2,1e+20,1e+20,1e+20,999999,1,1e+20,1e+20,1e+20,999999,0,999999,999999,999999,999999,999999,999999,1e+20,1e+20,1e+20,999999,1e+20,1e+20,1e+20,999999,0,0.00201,0.00212,-0.00122,0,0.64,0.674,-0.387,0,2,0.00201,0.00212,-0.00122,0,0.64,0.674,-0.387,0,2,Mass,0.108,0.007,-0.007,0,1.323,0.041,-0.045,0,0.011,0.001,-0.001,0,7,2.1,2.2,-1.2,0,2,999999,999999,999999,999999,1,2.32,0.29,-0.29,0,3,1e+20,1e+20,1e+20,999999,1,1e+20,1e+20,1e+20,999999,2,2455696.6689,0.0013,-0.0013,0,5,BJD,1e+20,1e+20,1e+20,999999,2,1e+20,1e+20,1e+20,999999,0,1e+20,1e+20,1e+20,999999,0,0.0251,0.0007,-0.0007,0,5,999999,999999,999999,999999,999999,999999,999999,83,18,2015-06-17,14.93,0.02,-0.02,0,66.99,0.11,-0.11,0,-20.6,0.0,0,22.7,0.0,0,30.7,0.0,0,12.472,999999,0,1e+20,1e+20,1e+20
kepler26b,284.940997,1.7e-05,18.99606647,1.11e-06,18h59m45.84s,46.56654,1.7e-05,+46d33m59.5s,76.680019,2.1e-05,17.992986,1.7e-05,298.937927,4.3e-05,68.510027,1.9e-05,2,1e+20,1e+20,1e+20,0,1,339.0,13.81,-18.5,0,3,9.5,0.1,0,-14.0,0.1,0,16.9,0.1,0,1,1e+20,1e+20,1e+20,999999,0,1e+20,1e+20,999999,1e+20,1e+20,999999,1e+20,1e+20,999999,1e+20,1e+20,999999,1e+20,1e+20,999999,13.408,0.027,0,12.746,0.023,0,12.63,0.025,0,12.451,0.022,0,12.501,0.022,0,11.991,0.199,0,9.337,0.474,0,1e+20,1e+20,999999,1e+20,1e+20,999999,1e+20,1e+20,999999,1e+20,1e+20,999999,1e+20,1e+20,999999,1e+20,1e+20,999999,1e+20,1e+20,999999,1e+20,1e+20,999999,1e+20,1e+20,999999,1e+20,1e+20,999999,1e+20,1e+20,999999,15.473,1e+20,0,Kepler-band,14,1e+20,1e+20,999999,1e+20,1e+20,999999,1e+20,1e+20,999999,1e+20,1e+20,999999,0.662,0.035,0,0.116,0.034,0,0.778,0.037,0,1e+20,1e+20,999999,1e+20,1e+20,999999,1e+20,1e+20,999999,5,M0 V,999999,0,1,3914.0,119.0,-119.0,0,11,1e+20,1e+20,1e+20,999999,6,-0.13,0.13,-0.13,0,6,[Fe/H],1e+20,1e+20,1e+20,999999,2,0.51,0.02,-0.02,0,12,0.54,0.03,-0.03,0,9,1e+20,1e+20,1e+20,999999,0,1e+20,1e+20,1e+20,999999,1,1.9,0.1,-0.1,0,1,1e+20,1e+20,999999,0,1e+20,999999,999999,0,1e+20,999999,999999,0,0,0,0,0,0,3,0,N/A,N/A,N/A,Kepler-26 b,Kepler-26,b,4,1,0,3,Transit,2011,Steffen et al. 2012,2012-04,Kepler,0.95 m Kepler Telescope,Kepler CCD Array,Space,Berger et al. 2018,0,0,0,1,1,1,0,2,0,0,http://exoplanet.eu/catalog/kepler-26_b/,http://exoplanets.org/detail/Kepler-26_b,12.28,0.0003,-0.0003,0,8,1e+20,1e+20,1e+20,999999,2,1e+20,1e+20,1e+20,999999,0,1e+20,1e+20,1e+20,999999,0,1e+20,1e+20,1e+20,999999,0,1e+20,1e+20,1e+20,999999,0,1e+20,1e+20,1e+20,999999,0,999999,999999,999999,999999,999999,999999,1e+20,1e+20,1e+20,999999,1e+20,1e+20,1e+20,999999,0,0.01611,0.00205,-0.00192,0,5.02,0.68,-0.64,0,3,0.01611,0.00205,-0.00192,0,5.12,0.65,-0.61,0,3,Mass,0.248,0.01,-0.01,0,3.191,0.097,-0.093,0,0.025,0.001,-0.001,0,9,1.26,0.21,-0.19,0,2,999999,999999,999999,999999,1,7.6,1.1,-1.1,0,5,1e+20,1e+20,1e+20,999999,1,1e+20,1e+20,1e+20,999999,3,2456471.2497,0.0006,-0.0006,0,5,BJD,1e+20,1e+20,1e+20,999999,1,1e+20,1e+20,1e+20,999999,0,1e+20,1e+20,1e+20,999999,1,1e+20,1e+20,1e+20,999999,3,999999,999999,999999,999999,999999,999999,999999,91,20,2016-04-07,2.95,0.03,-0.03,0,338.55,3.09,-3.09,0,9.5,0.1,0,-14.0,0.1,0,16.9,0.1,0,15.409,999999,0,1e+20,1e+20,1e+20
kepler26c,284.940997,1.7e-05,18.99606647,1.11e-06,18h59m45.84s,46.56654,1.7e-05,+46d33m59.5s,76.680019,2.1e-05,17.992986,1.7e-05,298.937927,4.3e-05,68.510027,1.9e-05,2,1e+20,1e+20,1e+20,0,1,339.0,13.81,-18.5,0,3,9.5,0.1,0,-14.0,0.1,0,16.9,0.1,0,1,1e+20,1e+20,1e+20,999999,0,1e+20,1e+20,999999,1e+20,1e+20,999999,1e+20,1e+20,999999,1e+20,1e+20,999999,1e+20,1e+20,999999,13.408,0.027,0,12.746,0.023,0,12.63,0.025,0,12.451,0.022,0,12.501,0.022,0,11.991,0.199,0,9.337,0.474,0,1e+20,1e+20,999999,1e+20,1e+20,999999,1e+20,1e+20,999999,1e+20,1e+20,999999,1e+20,1e+20,999999,1e+20,1e+20,999999,1e+20,1e+20,999999,1e+20,1e+20,999999,1e+20,1e+20,999999,1e+20,1e+20,999999,1e+20,1e+20,999999,15.473,1e+20,0,Kepler-band,14,1e+20,1e+20,999999,1e+20,1e+20,999999,1e+20,1e+20,999999,1e+20,1e+20,999999,0.662,0.035,0,0.116,0.034,0,0.778,0.037,0,1e+20,1e+20,999999,1e+20,1e+20,999999,1e+20,1e+20,999999,5,M0 V,999999,0,1,3914.0,119.0,-119.0,0,11,1e+20,1e+20,1e+20,999999,6,-0.13,0.13,-0.13,0,6,[Fe/H],1e+20,1e+20,1e+20,999999,2,0.51,0.02,-0.02,0,12,0.54,0.03,-0.03,0,9,1e+20,1e+20,1e+20,999999,0,1e+20,1e+20,1e+20,999999,1,1.9,0.1,-0.1,0,1,1e+20,1e+20,999999,0,1e+20,999999,999999,0,1e+20,999999,999999,0,0,0,0,0,0,3,0,N/A,N/A,N/A,Kepler-26 c,Kepler-26,c,4,1,0,3,Transit,2011,Steffen et al. 2012,2012-04,Kepler,0.95 m Kepler Telescope,Kepler CCD Array,Space,Berger et al. 2018,0,0,0,1,1,1,0,2,0,0,http://exoplanet.eu/catalog/kepler-26_c/,http://exoplanets.org/detail/Kepler-26_c,17.2559,0.0006,-0.0006,0,9,1e+20,1e+20,1e+20,999999,2,1e+20,1e+20,1e+20,999999,0,1e+20,1e+20,1e+20,999999,0,1e+20,1e+20,1e+20,999999,0,1e+20,1e+20,1e+20,999999,0,1e+20,1e+20,1e+20,999999,0,999999,999999,999999,999999,999999,999999,1e+20,1e+20,1e+20,999999,1e+20,1e+20,1e+20,999999,0,0.01951,0.00205,-0.00205,0,6.12,0.72,-0.7,0,4,0.01951,0.00205,-0.00205,0,6.2,0.65,-0.65,0,4,Mass,0.243,0.011,-0.011,0,2.976,0.278,-0.228,0,0.025,0.001,-0.001,0,10,1.61,0.27,-0.22,0,3,999999,999999,999999,999999,1,4.82,0.72,-0.72,0,5,1e+20,1e+20,1e+20,999999,1,1e+20,1e+20,1e+20,999999,3,2456470.183,0.0007,-0.0008,0,5,BJD,1e+20,1e+20,1e+20,999999,1,1e+20,1e+20,1e+20,999999,0,1e+20,1e+20,1e+20,999999,1,1e+20,1e+20,1e+20,999999,3,999999,999999,999999,999999,999999,999999,999999,95,21,2016-04-07,2.95,0.03,-0.03,0,338.55,3.09,-3.09,0,9.5,0.1,0,-14.0,0.1,0,16.9,0.1,0,15.409,999999,0,1e+20,1e+20,1e+20
